[{"model": "contenttypes.contenttype", "pk": 1, "fields": {"app_label": "blogs", "model": "post"}}, {"model": "contenttypes.contenttype", "pk": 2, "fields": {"app_label": "blogs", "model": "comment"}}, {"model": "contenttypes.contenttype", "pk": 3, "fields": {"app_label": "admin", "model": "logentry"}}, {"model": "contenttypes.contenttype", "pk": 4, "fields": {"app_label": "auth", "model": "permission"}}, {"model": "contenttypes.contenttype", "pk": 5, "fields": {"app_label": "auth", "model": "group"}}, {"model": "contenttypes.contenttype", "pk": 6, "fields": {"app_label": "auth", "model": "user"}}, {"model": "contenttypes.contenttype", "pk": 7, "fields": {"app_label": "contenttypes", "model": "contenttype"}}, {"model": "contenttypes.contenttype", "pk": 8, "fields": {"app_label": "sessions", "model": "session"}}, {"model": "contenttypes.contenttype", "pk": 9, "fields": {"app_label": "feed", "model": "follow"}}, {"model": "contenttypes.contenttype", "pk": 10, "fields": {"app_label": "blogs", "model": "workout"}}, {"model": "contenttypes.contenttype", "pk": 11, "fields": {"app_label": "workout", "model": "workout"}}, {"model": "contenttypes.contenttype", "pk": 12, "fields": {"app_label": "workout", "model": "wcomment"}}, {"model": "contenttypes.contenttype", "pk": 13, "fields": {"app_label": "posts", "model": "picture"}}, {"model": "contenttypes.contenttype", "pk": 14, "fields": {"app_label": "posts", "model": "pcomment"}}, {"model": "contenttypes.contenttype", "pk": 15, "fields": {"app_label": "likes", "model": "like"}}, {"model": "contenttypes.contenttype", "pk": 16, "fields": {"app_label": "feed", "model": "like"}}, {"model": "contenttypes.contenttype", "pk": 17, "fields": {"app_label": "accounts", "model": "bio"}}, {"model": "contenttypes.contenttype", "pk": 18, "fields": {"app_label": "feed", "model": "tag"}}, {"model": "contenttypes.contenttype", "pk": 19, "fields": {"app_label": "feed", "model": "saves"}}, {"model": "contenttypes.contenttype", "pk": 20, "fields": {"app_label": "fit_data", "model": "oauthcreds"}}, {"model": "contenttypes.contenttype", "pk": 21, "fields": {"app_label": "likes", "model": "playlist"}}, {"model": "contenttypes.contenttype", "pk": 22, "fields": {"app_label": "spotify", "model": "playlist"}}, {"model": "contenttypes.contenttype", "pk": 23, "fields": {"app_label": "spotify", "model": "spotify_user"}}, {"model": "sessions.session", "pk": "1ns4vwhdfq09egu834147sks8bc6lspe", "fields": {"session_data": "ODU0NGYwNDI5OWI3YTc1MGRlMzBkOTY5MjY2ZjViYjFmN2YxYTM3MDp7Il9hdXRoX3VzZXJfaWQiOiIyIiwiX2F1dGhfdXNlcl9iYWNrZW5kIjoiZGphbmdvLmNvbnRyaWIuYXV0aC5iYWNrZW5kcy5Nb2RlbEJhY2tlbmQiLCJfYXV0aF91c2VyX2hhc2giOiI4MTA4NWM5YjFhNDE4ZTQ0Yzk3Yjc0ZGU5NjExNjczMTc2NjBlMDVkIn0=", "expire_date": "2020-04-29T10:08:32.078Z"}}, {"model": "sessions.session", "pk": "5u0a3bce4nlgw7wlt2r64u9rq2xm9ifi", "fields": {"session_data": "OWFkMjFlNWNlYTFmNDZlMjZmZDJiMzIyMGI0Y2ZkOGNkOGZkZGYxNDp7Il9hdXRoX3VzZXJfaWQiOiI0IiwiX2F1dGhfdXNlcl9iYWNrZW5kIjoiZGphbmdvLmNvbnRyaWIuYXV0aC5iYWNrZW5kcy5Nb2RlbEJhY2tlbmQiLCJfYXV0aF91c2VyX2hhc2giOiJjZjc3ZjY5Zjk2NmYzM2EzYzQ1NzBlOTUzYmFjZTYxM2JhNTA4NTRiIn0=", "expire_date": "2020-05-07T23:34:34.053Z"}}, {"model": "sessions.session", "pk": "6cutgp5bhkxhkiqoln3xbkhdccvaumtx", "fields": {"session_data": "ODU0NGYwNDI5OWI3YTc1MGRlMzBkOTY5MjY2ZjViYjFmN2YxYTM3MDp7Il9hdXRoX3VzZXJfaWQiOiIyIiwiX2F1dGhfdXNlcl9iYWNrZW5kIjoiZGphbmdvLmNvbnRyaWIuYXV0aC5iYWNrZW5kcy5Nb2RlbEJhY2tlbmQiLCJfYXV0aF91c2VyX2hhc2giOiI4MTA4NWM5YjFhNDE4ZTQ0Yzk3Yjc0ZGU5NjExNjczMTc2NjBlMDVkIn0=", "expire_date": "2020-05-04T12:24:37.156Z"}}, {"model": "sessions.session", "pk": "6dorfmh98igl3lglbng46b43al5s9cq4", "fields": {"session_data": "NDE4MjYyMmJjMmI0MTQyMzNmNTgzMDIwNjdmMjc0YTU4YjEwZmFjODp7Il9hdXRoX3VzZXJfaWQiOiIxIiwiX2F1dGhfdXNlcl9iYWNrZW5kIjoiZGphbmdvLmNvbnRyaWIuYXV0aC5iYWNrZW5kcy5Nb2RlbEJhY2tlbmQiLCJfYXV0aF91c2VyX2hhc2giOiJkYTg4ZWIwYWUxNDI5ZGI2MDMwODA4YzE5MmNkYjFlYjg5ZDU2YTI2In0=", "expire_date": "2020-04-03T06:40:37.388Z"}}, {"model": "sessions.session", "pk": "6okgmtihmq5tyellsuof24kk9uobfhcu", "fields": {"session_data": "M2NlYTFlYjY5ZmFjMTA3Y2I4ZTdlMWY4NTlmYmU3ODA4ODFhNDYwMjp7fQ==", "expire_date": "2020-05-04T21:29:57.861Z"}}, {"model": "sessions.session", "pk": "7darj14d47r5djgdiobdxgool8qme7ig", "fields": {"session_data": "ODU0NGYwNDI5OWI3YTc1MGRlMzBkOTY5MjY2ZjViYjFmN2YxYTM3MDp7Il9hdXRoX3VzZXJfaWQiOiIyIiwiX2F1dGhfdXNlcl9iYWNrZW5kIjoiZGphbmdvLmNvbnRyaWIuYXV0aC5iYWNrZW5kcy5Nb2RlbEJhY2tlbmQiLCJfYXV0aF91c2VyX2hhc2giOiI4MTA4NWM5YjFhNDE4ZTQ0Yzk3Yjc0ZGU5NjExNjczMTc2NjBlMDVkIn0=", "expire_date": "2020-04-01T08:20:55.356Z"}}, {"model": "sessions.session", "pk": "8b4mz2iqhawvq3p0ro2byo8y5r3whl2r", "fields": {"session_data": "ODU0NGYwNDI5OWI3YTc1MGRlMzBkOTY5MjY2ZjViYjFmN2YxYTM3MDp7Il9hdXRoX3VzZXJfaWQiOiIyIiwiX2F1dGhfdXNlcl9iYWNrZW5kIjoiZGphbmdvLmNvbnRyaWIuYXV0aC5iYWNrZW5kcy5Nb2RlbEJhY2tlbmQiLCJfYXV0aF91c2VyX2hhc2giOiI4MTA4NWM5YjFhNDE4ZTQ0Yzk3Yjc0ZGU5NjExNjczMTc2NjBlMDVkIn0=", "expire_date": "2020-04-01T15:10:29.351Z"}}, {"model": "sessions.session", "pk": "8x0ynmrvnjf2o46q2xt2qox1z07l8g0t", "fields": {"session_data": "OWFkMjFlNWNlYTFmNDZlMjZmZDJiMzIyMGI0Y2ZkOGNkOGZkZGYxNDp7Il9hdXRoX3VzZXJfaWQiOiI0IiwiX2F1dGhfdXNlcl9iYWNrZW5kIjoiZGphbmdvLmNvbnRyaWIuYXV0aC5iYWNrZW5kcy5Nb2RlbEJhY2tlbmQiLCJfYXV0aF91c2VyX2hhc2giOiJjZjc3ZjY5Zjk2NmYzM2EzYzQ1NzBlOTUzYmFjZTYxM2JhNTA4NTRiIn0=", "expire_date": "2020-04-30T11:04:27.465Z"}}, {"model": "sessions.session", "pk": "c7dxmiod6decfzbi2ljs7q74zc1c8zbq", "fields": {"session_data": "OWFkMjFlNWNlYTFmNDZlMjZmZDJiMzIyMGI0Y2ZkOGNkOGZkZGYxNDp7Il9hdXRoX3VzZXJfaWQiOiI0IiwiX2F1dGhfdXNlcl9iYWNrZW5kIjoiZGphbmdvLmNvbnRyaWIuYXV0aC5iYWNrZW5kcy5Nb2RlbEJhY2tlbmQiLCJfYXV0aF91c2VyX2hhc2giOiJjZjc3ZjY5Zjk2NmYzM2EzYzQ1NzBlOTUzYmFjZTYxM2JhNTA4NTRiIn0=", "expire_date": "2020-05-10T08:52:34.687Z"}}, {"model": "sessions.session", "pk": "d3eqz0de1rujyksd2qdsbdlqlobcda6z", "fields": {"session_data": "OWFkMjFlNWNlYTFmNDZlMjZmZDJiMzIyMGI0Y2ZkOGNkOGZkZGYxNDp7Il9hdXRoX3VzZXJfaWQiOiI0IiwiX2F1dGhfdXNlcl9iYWNrZW5kIjoiZGphbmdvLmNvbnRyaWIuYXV0aC5iYWNrZW5kcy5Nb2RlbEJhY2tlbmQiLCJfYXV0aF91c2VyX2hhc2giOiJjZjc3ZjY5Zjk2NmYzM2EzYzQ1NzBlOTUzYmFjZTYxM2JhNTA4NTRiIn0=", "expire_date": "2020-06-08T22:16:05.519Z"}}, {"model": "sessions.session", "pk": "fgnn8o40gq0afdqx2ygeyagfizo38ath", "fields": {"session_data": "M2NlYTFlYjY5ZmFjMTA3Y2I4ZTdlMWY4NTlmYmU3ODA4ODFhNDYwMjp7fQ==", "expire_date": "2020-05-04T21:30:54.929Z"}}, {"model": "sessions.session", "pk": "glwcicjzoazpm40rpo5pstxux1lu2gzk", "fields": {"session_data": "M2NlYTFlYjY5ZmFjMTA3Y2I4ZTdlMWY4NTlmYmU3ODA4ODFhNDYwMjp7fQ==", "expire_date": "2020-05-05T07:34:45.645Z"}}, {"model": "sessions.session", "pk": "glztijj3fbvagbf8uav9dzcyi7xdupnm", "fields": {"session_data": "NzEyM2FjMGU1NjEzMWY1NzdlNmE0NzYxNmM4ZTE3OThlODhiOGY0OTp7Il9hdXRoX3VzZXJfaWQiOiI1IiwiX2F1dGhfdXNlcl9iYWNrZW5kIjoiZGphbmdvLmNvbnRyaWIuYXV0aC5iYWNrZW5kcy5Nb2RlbEJhY2tlbmQiLCJfYXV0aF91c2VyX2hhc2giOiIwNDI2MzFmNTgyMTg2NTJmMzg3ZWZiYjZhOWI5N2JkYjBlNmFkYmM1In0=", "expire_date": "2020-05-07T15:38:04.930Z"}}, {"model": "sessions.session", "pk": "gyr93lkwow7mzobkyvqds5myybn1megh", "fields": {"session_data": "M2NlYTFlYjY5ZmFjMTA3Y2I4ZTdlMWY4NTlmYmU3ODA4ODFhNDYwMjp7fQ==", "expire_date": "2020-05-05T06:59:03.284Z"}}, {"model": "sessions.session", "pk": "isypf7vrrbu8gd5h6zowks95w1b6u2u7", "fields": {"session_data": "OWFkMjFlNWNlYTFmNDZlMjZmZDJiMzIyMGI0Y2ZkOGNkOGZkZGYxNDp7Il9hdXRoX3VzZXJfaWQiOiI0IiwiX2F1dGhfdXNlcl9iYWNrZW5kIjoiZGphbmdvLmNvbnRyaWIuYXV0aC5iYWNrZW5kcy5Nb2RlbEJhY2tlbmQiLCJfYXV0aF91c2VyX2hhc2giOiJjZjc3ZjY5Zjk2NmYzM2EzYzQ1NzBlOTUzYmFjZTYxM2JhNTA4NTRiIn0=", "expire_date": "2020-05-10T16:46:13.753Z"}}, {"model": "sessions.session", "pk": "kaizvjjfgw9hag0c7vfewfdfy5b2fc3z", "fields": {"session_data": "M2NlYTFlYjY5ZmFjMTA3Y2I4ZTdlMWY4NTlmYmU3ODA4ODFhNDYwMjp7fQ==", "expire_date": "2020-05-04T22:20:51.952Z"}}, {"model": "sessions.session", "pk": "mt64u3unzs7939dc35p87z3x46kbvqwh", "fields": {"session_data": "M2NlYTFlYjY5ZmFjMTA3Y2I4ZTdlMWY4NTlmYmU3ODA4ODFhNDYwMjp7fQ==", "expire_date": "2020-05-04T22:30:44.827Z"}}, {"model": "sessions.session", "pk": "n4asybbn5upa59fd208rt6wmo35hkb82", "fields": {"session_data": "ODU0NGYwNDI5OWI3YTc1MGRlMzBkOTY5MjY2ZjViYjFmN2YxYTM3MDp7Il9hdXRoX3VzZXJfaWQiOiIyIiwiX2F1dGhfdXNlcl9iYWNrZW5kIjoiZGphbmdvLmNvbnRyaWIuYXV0aC5iYWNrZW5kcy5Nb2RlbEJhY2tlbmQiLCJfYXV0aF91c2VyX2hhc2giOiI4MTA4NWM5YjFhNDE4ZTQ0Yzk3Yjc0ZGU5NjExNjczMTc2NjBlMDVkIn0=", "expire_date": "2020-05-03T03:45:37.868Z"}}, {"model": "sessions.session", "pk": "ol9bapnzl1ikjvqfbks03kneju59zx1l", "fields": {"session_data": "M2NlYTFlYjY5ZmFjMTA3Y2I4ZTdlMWY4NTlmYmU3ODA4ODFhNDYwMjp7fQ==", "expire_date": "2020-05-04T22:18:57.674Z"}}, {"model": "sessions.session", "pk": "pj9cj7gm3emuhk06i1uwntddzv4ykvfo", "fields": {"session_data": "OWFkMjFlNWNlYTFmNDZlMjZmZDJiMzIyMGI0Y2ZkOGNkOGZkZGYxNDp7Il9hdXRoX3VzZXJfaWQiOiI0IiwiX2F1dGhfdXNlcl9iYWNrZW5kIjoiZGphbmdvLmNvbnRyaWIuYXV0aC5iYWNrZW5kcy5Nb2RlbEJhY2tlbmQiLCJfYXV0aF91c2VyX2hhc2giOiJjZjc3ZjY5Zjk2NmYzM2EzYzQ1NzBlOTUzYmFjZTYxM2JhNTA4NTRiIn0=", "expire_date": "2020-05-09T09:34:42.613Z"}}, {"model": "sessions.session", "pk": "pzlwbwe597o52i8557xrv6m23hz54xds", "fields": {"session_data": "ODU0NGYwNDI5OWI3YTc1MGRlMzBkOTY5MjY2ZjViYjFmN2YxYTM3MDp7Il9hdXRoX3VzZXJfaWQiOiIyIiwiX2F1dGhfdXNlcl9iYWNrZW5kIjoiZGphbmdvLmNvbnRyaWIuYXV0aC5iYWNrZW5kcy5Nb2RlbEJhY2tlbmQiLCJfYXV0aF91c2VyX2hhc2giOiI4MTA4NWM5YjFhNDE4ZTQ0Yzk3Yjc0ZGU5NjExNjczMTc2NjBlMDVkIn0=", "expire_date": "2020-05-08T06:40:16.808Z"}}, {"model": "sessions.session", "pk": "rchyf1ln0ttya5rpx0pecalj8cmgp3gm", "fields": {"session_data": "OWFkMjFlNWNlYTFmNDZlMjZmZDJiMzIyMGI0Y2ZkOGNkOGZkZGYxNDp7Il9hdXRoX3VzZXJfaWQiOiI0IiwiX2F1dGhfdXNlcl9iYWNrZW5kIjoiZGphbmdvLmNvbnRyaWIuYXV0aC5iYWNrZW5kcy5Nb2RlbEJhY2tlbmQiLCJfYXV0aF91c2VyX2hhc2giOiJjZjc3ZjY5Zjk2NmYzM2EzYzQ1NzBlOTUzYmFjZTYxM2JhNTA4NTRiIn0=", "expire_date": "2020-05-09T16:16:52.056Z"}}, {"model": "sessions.session", "pk": "sehbjivp75cej4m0n6a8bu5mjfquu2gd", "fields": {"session_data": "OWFkMjFlNWNlYTFmNDZlMjZmZDJiMzIyMGI0Y2ZkOGNkOGZkZGYxNDp7Il9hdXRoX3VzZXJfaWQiOiI0IiwiX2F1dGhfdXNlcl9iYWNrZW5kIjoiZGphbmdvLmNvbnRyaWIuYXV0aC5iYWNrZW5kcy5Nb2RlbEJhY2tlbmQiLCJfYXV0aF91c2VyX2hhc2giOiJjZjc3ZjY5Zjk2NmYzM2EzYzQ1NzBlOTUzYmFjZTYxM2JhNTA4NTRiIn0=", "expire_date": "2020-05-10T21:01:34.248Z"}}, {"model": "sessions.session", "pk": "t1nttels9rl35puxefqrxnv498oglyy0", "fields": {"session_data": "NDE4MjYyMmJjMmI0MTQyMzNmNTgzMDIwNjdmMjc0YTU4YjEwZmFjODp7Il9hdXRoX3VzZXJfaWQiOiIxIiwiX2F1dGhfdXNlcl9iYWNrZW5kIjoiZGphbmdvLmNvbnRyaWIuYXV0aC5iYWNrZW5kcy5Nb2RlbEJhY2tlbmQiLCJfYXV0aF91c2VyX2hhc2giOiJkYTg4ZWIwYWUxNDI5ZGI2MDMwODA4YzE5MmNkYjFlYjg5ZDU2YTI2In0=", "expire_date": "2020-04-03T06:40:38.646Z"}}, {"model": "sessions.session", "pk": "ujygcbdiqus57p5kyf18xlsewtpwf82s", "fields": {"session_data": "OWFkMjFlNWNlYTFmNDZlMjZmZDJiMzIyMGI0Y2ZkOGNkOGZkZGYxNDp7Il9hdXRoX3VzZXJfaWQiOiI0IiwiX2F1dGhfdXNlcl9iYWNrZW5kIjoiZGphbmdvLmNvbnRyaWIuYXV0aC5iYWNrZW5kcy5Nb2RlbEJhY2tlbmQiLCJfYXV0aF91c2VyX2hhc2giOiJjZjc3ZjY5Zjk2NmYzM2EzYzQ1NzBlOTUzYmFjZTYxM2JhNTA4NTRiIn0=", "expire_date": "2020-05-08T15:02:50.421Z"}}, {"model": "sessions.session", "pk": "xl2lcrxdmau7fv2usuc4s3qkfau767dn", "fields": {"session_data": "YTI0ZTIyZWU3OGRiYWE3MzExNjE2Mzc0NmY3ZTMzOTViNWM0Y2IwOTp7Il9hdXRoX3VzZXJfaWQiOiI4IiwiX2F1dGhfdXNlcl9iYWNrZW5kIjoiZGphbmdvLmNvbnRyaWIuYXV0aC5iYWNrZW5kcy5Nb2RlbEJhY2tlbmQiLCJfYXV0aF91c2VyX2hhc2giOiI2ODk1MWIyZjk4ZDM0YjExM2FjNWFlOTA4OWMwOTdkNTUyMmRjMmVhIn0=", "expire_date": "2020-05-11T09:57:36.515Z"}}, {"model": "sessions.session", "pk": "y4e14je7ss7bxflihnouurgkkmn2t2iw", "fields": {"session_data": "NzEyM2FjMGU1NjEzMWY1NzdlNmE0NzYxNmM4ZTE3OThlODhiOGY0OTp7Il9hdXRoX3VzZXJfaWQiOiI1IiwiX2F1dGhfdXNlcl9iYWNrZW5kIjoiZGphbmdvLmNvbnRyaWIuYXV0aC5iYWNrZW5kcy5Nb2RlbEJhY2tlbmQiLCJfYXV0aF91c2VyX2hhc2giOiIwNDI2MzFmNTgyMTg2NTJmMzg3ZWZiYjZhOWI5N2JkYjBlNmFkYmM1In0=", "expire_date": "2020-05-07T14:40:45.731Z"}}, {"model": "auth.permission", "pk": 1, "fields": {"name": "Can add post", "content_type": 1, "codename": "add_post"}}, {"model": "auth.permission", "pk": 2, "fields": {"name": "Can change post", "content_type": 1, "codename": "change_post"}}, {"model": "auth.permission", "pk": 3, "fields": {"name": "Can delete post", "content_type": 1, "codename": "delete_post"}}, {"model": "auth.permission", "pk": 4, "fields": {"name": "Can view post", "content_type": 1, "codename": "view_post"}}, {"model": "auth.permission", "pk": 5, "fields": {"name": "Can add comment", "content_type": 2, "codename": "add_comment"}}, {"model": "auth.permission", "pk": 6, "fields": {"name": "Can change comment", "content_type": 2, "codename": "change_comment"}}, {"model": "auth.permission", "pk": 7, "fields": {"name": "Can delete comment", "content_type": 2, "codename": "delete_comment"}}, {"model": "auth.permission", "pk": 8, "fields": {"name": "Can view comment", "content_type": 2, "codename": "view_comment"}}, {"model": "auth.permission", "pk": 9, "fields": {"name": "Can add log entry", "content_type": 3, "codename": "add_logentry"}}, {"model": "auth.permission", "pk": 10, "fields": {"name": "Can change log entry", "content_type": 3, "codename": "change_logentry"}}, {"model": "auth.permission", "pk": 11, "fields": {"name": "Can delete log entry", "content_type": 3, "codename": "delete_logentry"}}, {"model": "auth.permission", "pk": 12, "fields": {"name": "Can view log entry", "content_type": 3, "codename": "view_logentry"}}, {"model": "auth.permission", "pk": 13, "fields": {"name": "Can add permission", "content_type": 4, "codename": "add_permission"}}, {"model": "auth.permission", "pk": 14, "fields": {"name": "Can change permission", "content_type": 4, "codename": "change_permission"}}, {"model": "auth.permission", "pk": 15, "fields": {"name": "Can delete permission", "content_type": 4, "codename": "delete_permission"}}, {"model": "auth.permission", "pk": 16, "fields": {"name": "Can view permission", "content_type": 4, "codename": "view_permission"}}, {"model": "auth.permission", "pk": 17, "fields": {"name": "Can add group", "content_type": 5, "codename": "add_group"}}, {"model": "auth.permission", "pk": 18, "fields": {"name": "Can change group", "content_type": 5, "codename": "change_group"}}, {"model": "auth.permission", "pk": 19, "fields": {"name": "Can delete group", "content_type": 5, "codename": "delete_group"}}, {"model": "auth.permission", "pk": 20, "fields": {"name": "Can view group", "content_type": 5, "codename": "view_group"}}, {"model": "auth.permission", "pk": 21, "fields": {"name": "Can add user", "content_type": 6, "codename": "add_user"}}, {"model": "auth.permission", "pk": 22, "fields": {"name": "Can change user", "content_type": 6, "codename": "change_user"}}, {"model": "auth.permission", "pk": 23, "fields": {"name": "Can delete user", "content_type": 6, "codename": "delete_user"}}, {"model": "auth.permission", "pk": 24, "fields": {"name": "Can view user", "content_type": 6, "codename": "view_user"}}, {"model": "auth.permission", "pk": 25, "fields": {"name": "Can add content type", "content_type": 7, "codename": "add_contenttype"}}, {"model": "auth.permission", "pk": 26, "fields": {"name": "Can change content type", "content_type": 7, "codename": "change_contenttype"}}, {"model": "auth.permission", "pk": 27, "fields": {"name": "Can delete content type", "content_type": 7, "codename": "delete_contenttype"}}, {"model": "auth.permission", "pk": 28, "fields": {"name": "Can view content type", "content_type": 7, "codename": "view_contenttype"}}, {"model": "auth.permission", "pk": 29, "fields": {"name": "Can add session", "content_type": 8, "codename": "add_session"}}, {"model": "auth.permission", "pk": 30, "fields": {"name": "Can change session", "content_type": 8, "codename": "change_session"}}, {"model": "auth.permission", "pk": 31, "fields": {"name": "Can delete session", "content_type": 8, "codename": "delete_session"}}, {"model": "auth.permission", "pk": 32, "fields": {"name": "Can view session", "content_type": 8, "codename": "view_session"}}, {"model": "auth.permission", "pk": 33, "fields": {"name": "Can add follow", "content_type": 9, "codename": "add_follow"}}, {"model": "auth.permission", "pk": 34, "fields": {"name": "Can change follow", "content_type": 9, "codename": "change_follow"}}, {"model": "auth.permission", "pk": 35, "fields": {"name": "Can delete follow", "content_type": 9, "codename": "delete_follow"}}, {"model": "auth.permission", "pk": 36, "fields": {"name": "Can view follow", "content_type": 9, "codename": "view_follow"}}, {"model": "auth.permission", "pk": 37, "fields": {"name": "Can add workout", "content_type": 10, "codename": "add_workout"}}, {"model": "auth.permission", "pk": 38, "fields": {"name": "Can change workout", "content_type": 10, "codename": "change_workout"}}, {"model": "auth.permission", "pk": 39, "fields": {"name": "Can delete workout", "content_type": 10, "codename": "delete_workout"}}, {"model": "auth.permission", "pk": 40, "fields": {"name": "Can view workout", "content_type": 10, "codename": "view_workout"}}, {"model": "auth.permission", "pk": 41, "fields": {"name": "Can add workout", "content_type": 11, "codename": "add_workout"}}, {"model": "auth.permission", "pk": 42, "fields": {"name": "Can change workout", "content_type": 11, "codename": "change_workout"}}, {"model": "auth.permission", "pk": 43, "fields": {"name": "Can delete workout", "content_type": 11, "codename": "delete_workout"}}, {"model": "auth.permission", "pk": 44, "fields": {"name": "Can view workout", "content_type": 11, "codename": "view_workout"}}, {"model": "auth.permission", "pk": 45, "fields": {"name": "Can add comment", "content_type": 12, "codename": "add_comment"}}, {"model": "auth.permission", "pk": 46, "fields": {"name": "Can change comment", "content_type": 12, "codename": "change_comment"}}, {"model": "auth.permission", "pk": 47, "fields": {"name": "Can delete comment", "content_type": 12, "codename": "delete_comment"}}, {"model": "auth.permission", "pk": 48, "fields": {"name": "Can view comment", "content_type": 12, "codename": "view_comment"}}, {"model": "auth.permission", "pk": 49, "fields": {"name": "Can add w comment", "content_type": 12, "codename": "add_wcomment"}}, {"model": "auth.permission", "pk": 50, "fields": {"name": "Can change w comment", "content_type": 12, "codename": "change_wcomment"}}, {"model": "auth.permission", "pk": 51, "fields": {"name": "Can delete w comment", "content_type": 12, "codename": "delete_wcomment"}}, {"model": "auth.permission", "pk": 52, "fields": {"name": "Can view w comment", "content_type": 12, "codename": "view_wcomment"}}, {"model": "auth.permission", "pk": 53, "fields": {"name": "Can add picture", "content_type": 13, "codename": "add_picture"}}, {"model": "auth.permission", "pk": 54, "fields": {"name": "Can change picture", "content_type": 13, "codename": "change_picture"}}, {"model": "auth.permission", "pk": 55, "fields": {"name": "Can delete picture", "content_type": 13, "codename": "delete_picture"}}, {"model": "auth.permission", "pk": 56, "fields": {"name": "Can view picture", "content_type": 13, "codename": "view_picture"}}, {"model": "auth.permission", "pk": 57, "fields": {"name": "Can add p comment", "content_type": 14, "codename": "add_pcomment"}}, {"model": "auth.permission", "pk": 58, "fields": {"name": "Can change p comment", "content_type": 14, "codename": "change_pcomment"}}, {"model": "auth.permission", "pk": 59, "fields": {"name": "Can delete p comment", "content_type": 14, "codename": "delete_pcomment"}}, {"model": "auth.permission", "pk": 60, "fields": {"name": "Can view p comment", "content_type": 14, "codename": "view_pcomment"}}, {"model": "auth.permission", "pk": 61, "fields": {"name": "Can add like", "content_type": 15, "codename": "add_like"}}, {"model": "auth.permission", "pk": 62, "fields": {"name": "Can change like", "content_type": 15, "codename": "change_like"}}, {"model": "auth.permission", "pk": 63, "fields": {"name": "Can delete like", "content_type": 15, "codename": "delete_like"}}, {"model": "auth.permission", "pk": 64, "fields": {"name": "Can view like", "content_type": 15, "codename": "view_like"}}, {"model": "auth.permission", "pk": 65, "fields": {"name": "Can add like", "content_type": 16, "codename": "add_like"}}, {"model": "auth.permission", "pk": 66, "fields": {"name": "Can change like", "content_type": 16, "codename": "change_like"}}, {"model": "auth.permission", "pk": 67, "fields": {"name": "Can delete like", "content_type": 16, "codename": "delete_like"}}, {"model": "auth.permission", "pk": 68, "fields": {"name": "Can view like", "content_type": 16, "codename": "view_like"}}, {"model": "auth.permission", "pk": 69, "fields": {"name": "Can add bio", "content_type": 17, "codename": "add_bio"}}, {"model": "auth.permission", "pk": 70, "fields": {"name": "Can change bio", "content_type": 17, "codename": "change_bio"}}, {"model": "auth.permission", "pk": 71, "fields": {"name": "Can delete bio", "content_type": 17, "codename": "delete_bio"}}, {"model": "auth.permission", "pk": 72, "fields": {"name": "Can view bio", "content_type": 17, "codename": "view_bio"}}, {"model": "auth.permission", "pk": 73, "fields": {"name": "Can add tag", "content_type": 18, "codename": "add_tag"}}, {"model": "auth.permission", "pk": 74, "fields": {"name": "Can change tag", "content_type": 18, "codename": "change_tag"}}, {"model": "auth.permission", "pk": 75, "fields": {"name": "Can delete tag", "content_type": 18, "codename": "delete_tag"}}, {"model": "auth.permission", "pk": 76, "fields": {"name": "Can view tag", "content_type": 18, "codename": "view_tag"}}, {"model": "auth.permission", "pk": 77, "fields": {"name": "Can add save", "content_type": 19, "codename": "add_save"}}, {"model": "auth.permission", "pk": 78, "fields": {"name": "Can change save", "content_type": 19, "codename": "change_save"}}, {"model": "auth.permission", "pk": 79, "fields": {"name": "Can delete save", "content_type": 19, "codename": "delete_save"}}, {"model": "auth.permission", "pk": 80, "fields": {"name": "Can view save", "content_type": 19, "codename": "view_save"}}, {"model": "auth.permission", "pk": 81, "fields": {"name": "Can add saves", "content_type": 19, "codename": "add_saves"}}, {"model": "auth.permission", "pk": 82, "fields": {"name": "Can change saves", "content_type": 19, "codename": "change_saves"}}, {"model": "auth.permission", "pk": 83, "fields": {"name": "Can delete saves", "content_type": 19, "codename": "delete_saves"}}, {"model": "auth.permission", "pk": 84, "fields": {"name": "Can view saves", "content_type": 19, "codename": "view_saves"}}, {"model": "auth.permission", "pk": 85, "fields": {"name": "Can add oauth creds", "content_type": 20, "codename": "add_oauthcreds"}}, {"model": "auth.permission", "pk": 86, "fields": {"name": "Can change oauth creds", "content_type": 20, "codename": "change_oauthcreds"}}, {"model": "auth.permission", "pk": 87, "fields": {"name": "Can delete oauth creds", "content_type": 20, "codename": "delete_oauthcreds"}}, {"model": "auth.permission", "pk": 88, "fields": {"name": "Can view oauth creds", "content_type": 20, "codename": "view_oauthcreds"}}, {"model": "auth.permission", "pk": 89, "fields": {"name": "Can add playlist", "content_type": 21, "codename": "add_playlist"}}, {"model": "auth.permission", "pk": 90, "fields": {"name": "Can change playlist", "content_type": 21, "codename": "change_playlist"}}, {"model": "auth.permission", "pk": 91, "fields": {"name": "Can delete playlist", "content_type": 21, "codename": "delete_playlist"}}, {"model": "auth.permission", "pk": 92, "fields": {"name": "Can view playlist", "content_type": 21, "codename": "view_playlist"}}, {"model": "auth.permission", "pk": 93, "fields": {"name": "Can add playlist", "content_type": 22, "codename": "add_playlist"}}, {"model": "auth.permission", "pk": 94, "fields": {"name": "Can change playlist", "content_type": 22, "codename": "change_playlist"}}, {"model": "auth.permission", "pk": 95, "fields": {"name": "Can delete playlist", "content_type": 22, "codename": "delete_playlist"}}, {"model": "auth.permission", "pk": 96, "fields": {"name": "Can view playlist", "content_type": 22, "codename": "view_playlist"}}, {"model": "auth.permission", "pk": 97, "fields": {"name": "Can add spotify_user", "content_type": 23, "codename": "add_spotify_user"}}, {"model": "auth.permission", "pk": 98, "fields": {"name": "Can change spotify_user", "content_type": 23, "codename": "change_spotify_user"}}, {"model": "auth.permission", "pk": 99, "fields": {"name": "Can delete spotify_user", "content_type": 23, "codename": "delete_spotify_user"}}, {"model": "auth.permission", "pk": 100, "fields": {"name": "Can view spotify_user", "content_type": 23, "codename": "view_spotify_user"}}, {"model": "feed.tag", "pk": 1, "fields": {"name": "fruits", "content_type": 1, "object_id": 7}}, {"model": "feed.tag", "pk": 2, "fields": {"name": "fruits", "content_type": 1, "object_id": 8}}, {"model": "feed.tag", "pk": 3, "fields": {"name": "nature", "content_type": 1, "object_id": 8}}, {"model": "feed.tag", "pk": 4, "fields": {"name": "post", "content_type": 1, "object_id": 9}}, {"model": "feed.tag", "pk": 5, "fields": {"name": "books", "content_type": 1, "object_id": 10}}, {"model": "feed.tag", "pk": 6, "fields": {"name": "food", "content_type": 1, "object_id": 11}}, {"model": "feed.tag", "pk": 7, "fields": {"name": "workout", "content_type": 1, "object_id": 12}}, {"model": "feed.tag", "pk": 8, "fields": {"name": "recipe", "content_type": 1, "object_id": 13}}, {"model": "feed.tag", "pk": 9, "fields": {"name": "recipe", "content_type": 1, "object_id": 14}}, {"model": "feed.tag", "pk": 10, "fields": {"name": "healthy", "content_type": 1, "object_id": 15}}, {"model": "feed.tag", "pk": 11, "fields": {"name": "healthy", "content_type": 1, "object_id": 16}}, {"model": "auth.group", "pk": 1, "fields": {"name": "trainers", "permissions": []}}, {"model": "auth.group", "pk": 2, "fields": {"name": "trainees", "permissions": []}}, {"model": "auth.user", "pk": 1, "fields": {"password": "pbkdf2_sha256$180000$M5SkT6RyXfBr$OkrQCpxABN3B/BsnZ4dzz47P+5NeKaBzcfa8Qj7EO9Q=", "last_login": "2020-04-27T12:19:05.163Z", "is_superuser": true, "username": "admin", "first_name": "", "last_name": "", "email": "admin@123.com", "is_staff": true, "is_active": true, "date_joined": "2020-03-16T19:14:11.001Z", "groups": [], "user_permissions": []}}, {"model": "auth.user", "pk": 2, "fields": {"password": "pbkdf2_sha256$180000$szqc3aedtaV0$9OWKKdRlOR+QiRqyJ2tv3fff9+bvUrBIkdWik38xHBY=", "last_login": "2020-04-27T07:48:21.515Z", "is_superuser": false, "username": "trainer", "first_name": "", "last_name": "", "email": "trainer@123.com", "is_staff": false, "is_active": true, "date_joined": "2020-03-16T19:15:32Z", "groups": [1], "user_permissions": []}}, {"model": "auth.user", "pk": 3, "fields": {"password": "pbkdf2_sha256$180000$s4T2I4xpe1wD$lzd2MJjPOuztgt6zSkZqAh23q2ynWH2JTve2kyLkK+w=", "last_login": "2020-04-27T07:49:30.227Z", "is_superuser": false, "username": "trainee", "first_name": "", "last_name": "", "email": "trainee@123.com", "is_staff": false, "is_active": true, "date_joined": "2020-03-16T19:16:25Z", "groups": [2], "user_permissions": []}}, {"model": "auth.user", "pk": 4, "fields": {"password": "pbkdf2_sha256$180000$v0JjiNPUA8T2$/UjLJYG1pJw4lCieI5LaYQRGKe1NTobCucgy5m/Ti5g=", "last_login": "2020-05-25T22:16:05.343Z", "is_superuser": false, "username": "cjo", "first_name": "ok", "last_name": "ok", "email": "ok@ok.com", "is_staff": false, "is_active": true, "date_joined": "2020-03-19T19:51:08Z", "groups": [1], "user_permissions": []}}, {"model": "auth.user", "pk": 5, "fields": {"password": "pbkdf2_sha256$180000$fqDot51TfJtW$jkEKRIwYHwz6j7i7pumdJrnzXNW4ruw3P4GHhDpJV74=", "last_login": "2020-04-27T11:47:34Z", "is_superuser": false, "username": "dianee", "first_name": "", "last_name": "", "email": "ok@123.com", "is_staff": false, "is_active": true, "date_joined": "2020-03-20T05:20:46Z", "groups": [1], "user_permissions": []}}, {"model": "auth.user", "pk": 6, "fields": {"password": "pbkdf2_sha256$180000$tKmf6SNTuX8j$ggKatZNGMX5sCDYHRP3oIfq2z8w2AKgUr7WPUjhfiCU=", "last_login": "2020-03-21T06:53:15.891Z", "is_superuser": false, "username": "check", "first_name": "", "last_name": "", "email": "", "is_staff": false, "is_active": true, "date_joined": "2020-03-21T06:52:30Z", "groups": [2], "user_permissions": []}}, {"model": "auth.user", "pk": 7, "fields": {"password": "pbkdf2_sha256$180000$0F2HC2VoagNU$dg26EMRuNEgZ7C8o2ec6aveJwsT0jMHTHXM/Mz/T8hE=", "last_login": "2020-04-23T18:32:42.603Z", "is_superuser": false, "username": "dj", "first_name": "", "last_name": "", "email": "dj@123.com", "is_staff": false, "is_active": true, "date_joined": "2020-04-23T18:32:30.101Z", "groups": [1], "user_permissions": []}}, {"model": "auth.user", "pk": 8, "fields": {"password": "pbkdf2_sha256$180000$23pOpFA45iD5$f7dzB2qqaOmTrCtIeBu6ftcCAceoCNLMzVA6ulxQd3E=", "last_login": "2020-04-27T09:57:36.329Z", "is_superuser": false, "username": "Raymond", "first_name": "", "last_name": "", "email": "ray@gmal.com", "is_staff": false, "is_active": true, "date_joined": "2020-04-27T08:04:46.940Z", "groups": [1], "user_permissions": []}}, {"model": "admin.logentry", "pk": 1, "fields": {"action_time": "2020-03-16T19:14:24.887Z", "user": 1, "content_type": 5, "object_id": "1", "object_repr": "trainers", "action_flag": 1, "change_message": "[{\"added\": {}}]"}}, {"model": "admin.logentry", "pk": 2, "fields": {"action_time": "2020-03-16T19:14:32.879Z", "user": 1, "content_type": 5, "object_id": "2", "object_repr": "trainees", "action_flag": 1, "change_message": "[{\"added\": {}}]"}}, {"model": "admin.logentry", "pk": 3, "fields": {"action_time": "2020-03-16T19:15:32.726Z", "user": 1, "content_type": 6, "object_id": "2", "object_repr": "trainer", "action_flag": 1, "change_message": "[{\"added\": {}}]"}}, {"model": "admin.logentry", "pk": 4, "fields": {"action_time": "2020-03-16T19:16:02.411Z", "user": 1, "content_type": 6, "object_id": "2", "object_repr": "trainer", "action_flag": 2, "change_message": "[{\"changed\": {\"fields\": [\"Email address\", \"Groups\"]}}]"}}, {"model": "admin.logentry", "pk": 5, "fields": {"action_time": "2020-03-16T19:16:25.490Z", "user": 1, "content_type": 6, "object_id": "3", "object_repr": "trainee", "action_flag": 1, "change_message": "[{\"added\": {}}]"}}, {"model": "admin.logentry", "pk": 6, "fields": {"action_time": "2020-03-16T19:16:37.523Z", "user": 1, "content_type": 6, "object_id": "3", "object_repr": "trainee", "action_flag": 2, "change_message": "[{\"changed\": {\"fields\": [\"Email address\", \"Groups\"]}}]"}}, {"model": "admin.logentry", "pk": 7, "fields": {"action_time": "2020-03-16T19:20:43.629Z", "user": 1, "content_type": 1, "object_id": "1", "object_repr": "Yellow apple", "action_flag": 1, "change_message": "[{\"added\": {}}]"}}, {"model": "admin.logentry", "pk": 8, "fields": {"action_time": "2020-03-16T19:21:09.185Z", "user": 1, "content_type": 1, "object_id": "2", "object_repr": "green apple", "action_flag": 1, "change_message": "[{\"added\": {}}]"}}, {"model": "admin.logentry", "pk": 9, "fields": {"action_time": "2020-03-16T19:36:35.150Z", "user": 1, "content_type": 6, "object_id": "3", "object_repr": "trainee", "action_flag": 2, "change_message": "[{\"changed\": {\"fields\": [\"password\"]}}]"}}, {"model": "admin.logentry", "pk": 10, "fields": {"action_time": "2020-03-16T19:37:45.353Z", "user": 1, "content_type": 6, "object_id": "2", "object_repr": "trainer", "action_flag": 2, "change_message": "[{\"changed\": {\"fields\": [\"password\"]}}]"}}, {"model": "admin.logentry", "pk": 11, "fields": {"action_time": "2020-03-17T16:18:18.370Z", "user": 1, "content_type": 9, "object_id": "1", "object_repr": "trainer follows trainer", "action_flag": 3, "change_message": ""}}, {"model": "admin.logentry", "pk": 12, "fields": {"action_time": "2020-03-17T17:26:07.916Z", "user": 1, "content_type": 9, "object_id": "4", "object_repr": "trainer follows admin", "action_flag": 3, "change_message": ""}}, {"model": "admin.logentry", "pk": 13, "fields": {"action_time": "2020-03-17T17:26:08.159Z", "user": 1, "content_type": 9, "object_id": "3", "object_repr": "trainer follows trainee", "action_flag": 3, "change_message": ""}}, {"model": "admin.logentry", "pk": 14, "fields": {"action_time": "2020-03-17T17:26:08.243Z", "user": 1, "content_type": 9, "object_id": "2", "object_repr": "trainer follows trainer", "action_flag": 3, "change_message": ""}}, {"model": "admin.logentry", "pk": 15, "fields": {"action_time": "2020-03-17T18:15:53.568Z", "user": 1, "content_type": 9, "object_id": "6", "object_repr": "trainer follows trainee", "action_flag": 3, "change_message": ""}}, {"model": "admin.logentry", "pk": 16, "fields": {"action_time": "2020-03-17T18:15:53.667Z", "user": 1, "content_type": 9, "object_id": "5", "object_repr": "trainer follows trainer", "action_flag": 3, "change_message": ""}}, {"model": "admin.logentry", "pk": 17, "fields": {"action_time": "2020-03-18T07:00:59.285Z", "user": 1, "content_type": 9, "object_id": "14", "object_repr": "admin follows admin", "action_flag": 3, "change_message": ""}}, {"model": "admin.logentry", "pk": 18, "fields": {"action_time": "2020-03-18T07:00:59.565Z", "user": 1, "content_type": 9, "object_id": "13", "object_repr": "admin follows trainee", "action_flag": 3, "change_message": ""}}, {"model": "admin.logentry", "pk": 19, "fields": {"action_time": "2020-03-18T07:00:59.669Z", "user": 1, "content_type": 9, "object_id": "12", "object_repr": "admin follows trainer", "action_flag": 3, "change_message": ""}}, {"model": "admin.logentry", "pk": 20, "fields": {"action_time": "2020-03-18T08:20:35.676Z", "user": 1, "content_type": 1, "object_id": "4", "object_repr": "this is a trainee post", "action_flag": 1, "change_message": "[{\"added\": {}}]"}}, {"model": "admin.logentry", "pk": 21, "fields": {"action_time": "2020-03-19T19:45:05.381Z", "user": 1, "content_type": 11, "object_id": "1", "object_repr": "Workout1: videos/Friends_Chandler_makes_Monica_give_up_her_workout_0HxGjfD.mp4", "action_flag": 1, "change_message": "[{\"added\": {}}]"}}, {"model": "admin.logentry", "pk": 22, "fields": {"action_time": "2020-03-19T19:48:46.528Z", "user": 1, "content_type": 11, "object_id": "1", "object_repr": "Workout1: videos/Friends_Chandler_makes_Monica_give_up_her_workout_0HxGjfD.mp4", "action_flag": 2, "change_message": "[]"}}, {"model": "admin.logentry", "pk": 23, "fields": {"action_time": "2020-03-19T19:51:08.176Z", "user": 1, "content_type": 6, "object_id": "4", "object_repr": "cjo", "action_flag": 1, "change_message": "[{\"added\": {}}]"}}, {"model": "admin.logentry", "pk": 24, "fields": {"action_time": "2020-03-19T19:52:17.259Z", "user": 1, "content_type": 6, "object_id": "4", "object_repr": "cjo", "action_flag": 2, "change_message": "[{\"changed\": {\"fields\": [\"First name\", \"Last name\", \"Email address\"]}}]"}}, {"model": "admin.logentry", "pk": 25, "fields": {"action_time": "2020-03-19T20:22:07.025Z", "user": 1, "content_type": 11, "object_id": "2", "object_repr": "Workout2: videos/Brooklyn_Nine_Nine_Terry_Is_a_Ring_Warrior_Episode_Highlight.mp4", "action_flag": 1, "change_message": "[{\"added\": {}}]"}}, {"model": "admin.logentry", "pk": 26, "fields": {"action_time": "2020-03-19T20:23:44.920Z", "user": 1, "content_type": 6, "object_id": "4", "object_repr": "cjo", "action_flag": 2, "change_message": "[{\"changed\": {\"fields\": [\"Groups\"]}}]"}}, {"model": "admin.logentry", "pk": 27, "fields": {"action_time": "2020-03-20T10:25:06.971Z", "user": 1, "content_type": 11, "object_id": "3", "object_repr": "workout3: media/Friends_Chandler_makes_Monica_give_up_her_workout.mp4", "action_flag": 3, "change_message": ""}}, {"model": "admin.logentry", "pk": 28, "fields": {"action_time": "2020-03-20T10:29:44.196Z", "user": 1, "content_type": 11, "object_id": "2", "object_repr": "Workout2: videos/Brooklyn_Nine_Nine_Terry_Is_a_Ring_Warrior_Episode_Highlight.mp4", "action_flag": 3, "change_message": ""}}, {"model": "admin.logentry", "pk": 29, "fields": {"action_time": "2020-03-20T17:34:59.878Z", "user": 1, "content_type": 12, "object_id": "1", "object_repr": "Comment Noine Noine by ok", "action_flag": 1, "change_message": "[{\"added\": {}}]"}}, {"model": "admin.logentry", "pk": 30, "fields": {"action_time": "2020-03-21T06:45:48.898Z", "user": 1, "content_type": 9, "object_id": "51", "object_repr": "cjo follows ok", "action_flag": 1, "change_message": "[{\"added\": {}}]"}}, {"model": "admin.logentry", "pk": 31, "fields": {"action_time": "2020-03-21T06:46:15.368Z", "user": 1, "content_type": 12, "object_id": "2", "object_repr": "Comment true dat by cjo", "action_flag": 1, "change_message": "[{\"added\": {}}]"}}, {"model": "admin.logentry", "pk": 32, "fields": {"action_time": "2020-03-21T06:52:30.485Z", "user": 1, "content_type": 6, "object_id": "6", "object_repr": "check", "action_flag": 1, "change_message": "[{\"added\": {}}]"}}, {"model": "admin.logentry", "pk": 33, "fields": {"action_time": "2020-03-21T06:52:46.705Z", "user": 1, "content_type": 6, "object_id": "6", "object_repr": "check", "action_flag": 2, "change_message": "[{\"changed\": {\"fields\": [\"Groups\"]}}]"}}, {"model": "admin.logentry", "pk": 34, "fields": {"action_time": "2020-03-21T06:54:42.606Z", "user": 1, "content_type": 12, "object_id": "3", "object_repr": "Comment yesss by check", "action_flag": 1, "change_message": "[{\"added\": {}}]"}}, {"model": "admin.logentry", "pk": 35, "fields": {"action_time": "2020-03-21T10:02:36.401Z", "user": 1, "content_type": 12, "object_id": "4", "object_repr": "Comment message by ok", "action_flag": 3, "change_message": ""}}, {"model": "admin.logentry", "pk": 36, "fields": {"action_time": "2020-03-21T10:02:36.620Z", "user": 1, "content_type": 12, "object_id": "5", "object_repr": "Comment message by ok", "action_flag": 3, "change_message": ""}}, {"model": "admin.logentry", "pk": 37, "fields": {"action_time": "2020-03-21T10:02:36.774Z", "user": 1, "content_type": 12, "object_id": "6", "object_repr": "Comment  by ok", "action_flag": 3, "change_message": ""}}, {"model": "admin.logentry", "pk": 38, "fields": {"action_time": "2020-03-21T10:02:36.910Z", "user": 1, "content_type": 12, "object_id": "7", "object_repr": "Comment ughhh by ok", "action_flag": 3, "change_message": ""}}, {"model": "admin.logentry", "pk": 39, "fields": {"action_time": "2020-04-16T07:08:06.833Z", "user": 1, "content_type": 2, "object_id": "4", "object_repr": "Comment nice by admin", "action_flag": 3, "change_message": ""}}, {"model": "admin.logentry", "pk": 40, "fields": {"action_time": "2020-04-16T07:08:07.263Z", "user": 1, "content_type": 2, "object_id": "6", "object_repr": "Comment good post by admin", "action_flag": 3, "change_message": ""}}, {"model": "admin.logentry", "pk": 41, "fields": {"action_time": "2020-04-16T07:08:07.468Z", "user": 1, "content_type": 2, "object_id": "7", "object_repr": "Comment good post by admin", "action_flag": 3, "change_message": ""}}, {"model": "admin.logentry", "pk": 42, "fields": {"action_time": "2020-04-16T07:08:07.619Z", "user": 1, "content_type": 2, "object_id": "8", "object_repr": "Comment nice by admin", "action_flag": 3, "change_message": ""}}, {"model": "admin.logentry", "pk": 43, "fields": {"action_time": "2020-04-16T07:08:40.727Z", "user": 1, "content_type": 11, "object_id": "1", "object_repr": "Workout1: videos/Friends_Chandler_makes_Monica_give_up_her_workout_0HxGjfD.mp4", "action_flag": 3, "change_message": ""}}, {"model": "admin.logentry", "pk": 44, "fields": {"action_time": "2020-04-16T12:46:41.908Z", "user": 1, "content_type": 15, "object_id": "1", "object_repr": "trainer liked grey apple lol", "action_flag": 1, "change_message": "[{\"added\": {}}]"}}, {"model": "admin.logentry", "pk": 45, "fields": {"action_time": "2020-04-18T16:08:08.977Z", "user": 1, "content_type": 16, "object_id": "4", "object_repr": "admin liked Yellow apple", "action_flag": 3, "change_message": ""}}, {"model": "admin.logentry", "pk": 46, "fields": {"action_time": "2020-04-19T12:39:09.802Z", "user": 1, "content_type": 17, "object_id": "1", "object_repr": "unupdated: defaultprofilepic.png", "action_flag": 3, "change_message": ""}}, {"model": "admin.logentry", "pk": 47, "fields": {"action_time": "2020-04-19T12:44:31.288Z", "user": 1, "content_type": 17, "object_id": "3", "object_repr": "unupdated: defaultprofilepic.png", "action_flag": 3, "change_message": ""}}, {"model": "admin.logentry", "pk": 48, "fields": {"action_time": "2020-04-19T12:44:31.485Z", "user": 1, "content_type": 17, "object_id": "2", "object_repr": "fullname unupdated: defaultprofilepic.png", "action_flag": 3, "change_message": ""}}, {"model": "admin.logentry", "pk": 49, "fields": {"action_time": "2020-04-19T13:06:07.525Z", "user": 1, "content_type": 17, "object_id": "6", "object_repr": "fullname unupdated: defaultprofilepic.png", "action_flag": 3, "change_message": ""}}, {"model": "admin.logentry", "pk": 50, "fields": {"action_time": "2020-04-19T13:06:07.634Z", "user": 1, "content_type": 17, "object_id": "4", "object_repr": "unupdated: defaultprofilepic.png", "action_flag": 3, "change_message": ""}}, {"model": "admin.logentry", "pk": 51, "fields": {"action_time": "2020-04-23T09:45:17.505Z", "user": 1, "content_type": 17, "object_id": "28", "object_repr": "Update bio Update bio: defaultprofilepic.png", "action_flag": 3, "change_message": ""}}, {"model": "admin.logentry", "pk": 52, "fields": {"action_time": "2020-04-23T09:45:17.635Z", "user": 1, "content_type": 17, "object_id": "27", "object_repr": "Update bio Update bio: defaultprofilepic.png", "action_flag": 3, "change_message": ""}}, {"model": "admin.logentry", "pk": 53, "fields": {"action_time": "2020-04-23T09:45:17.789Z", "user": 1, "content_type": 17, "object_id": "26", "object_repr": "Update bio Update bio: defaultprofilepic.png", "action_flag": 3, "change_message": ""}}, {"model": "admin.logentry", "pk": 54, "fields": {"action_time": "2020-04-23T09:45:17.976Z", "user": 1, "content_type": 17, "object_id": "25", "object_repr": "Update bio Update bio: defaultprofilepic.png", "action_flag": 3, "change_message": ""}}, {"model": "admin.logentry", "pk": 55, "fields": {"action_time": "2020-04-23T09:45:18.120Z", "user": 1, "content_type": 17, "object_id": "24", "object_repr": "Update bio Update bio: defaultprofilepic.png", "action_flag": 3, "change_message": ""}}, {"model": "admin.logentry", "pk": 56, "fields": {"action_time": "2020-04-23T09:45:18.252Z", "user": 1, "content_type": 17, "object_id": "23", "object_repr": "Update bio Update bio: defaultprofilepic.png", "action_flag": 3, "change_message": ""}}, {"model": "admin.logentry", "pk": 57, "fields": {"action_time": "2020-04-23T09:45:18.412Z", "user": 1, "content_type": 17, "object_id": "22", "object_repr": "Update bio Update bio: defaultprofilepic.png", "action_flag": 3, "change_message": ""}}, {"model": "admin.logentry", "pk": 58, "fields": {"action_time": "2020-04-23T09:45:18.565Z", "user": 1, "content_type": 17, "object_id": "21", "object_repr": "Update bio Update bio: defaultprofilepic.png", "action_flag": 3, "change_message": ""}}, {"model": "admin.logentry", "pk": 59, "fields": {"action_time": "2020-04-23T09:45:18.684Z", "user": 1, "content_type": 17, "object_id": "20", "object_repr": "Update bio Update bio: defaultprofilepic.png", "action_flag": 3, "change_message": ""}}, {"model": "admin.logentry", "pk": 60, "fields": {"action_time": "2020-04-23T09:45:18.806Z", "user": 1, "content_type": 17, "object_id": "19", "object_repr": "Update bio Update bio: defaultprofilepic.png", "action_flag": 3, "change_message": ""}}, {"model": "admin.logentry", "pk": 61, "fields": {"action_time": "2020-04-23T09:45:18.919Z", "user": 1, "content_type": 17, "object_id": "18", "object_repr": "Update bio Update bio: defaultprofilepic.png", "action_flag": 3, "change_message": ""}}, {"model": "admin.logentry", "pk": 62, "fields": {"action_time": "2020-04-23T09:45:19.050Z", "user": 1, "content_type": 17, "object_id": "17", "object_repr": "Update bio Update bio: defaultprofilepic.png", "action_flag": 3, "change_message": ""}}, {"model": "admin.logentry", "pk": 63, "fields": {"action_time": "2020-04-23T09:45:19.195Z", "user": 1, "content_type": 17, "object_id": "16", "object_repr": "Update bio Update bio: defaultprofilepic.png", "action_flag": 3, "change_message": ""}}, {"model": "admin.logentry", "pk": 64, "fields": {"action_time": "2020-04-23T09:45:19.316Z", "user": 1, "content_type": 17, "object_id": "15", "object_repr": "Update bio Update bio: defaultprofilepic.png", "action_flag": 3, "change_message": ""}}, {"model": "admin.logentry", "pk": 65, "fields": {"action_time": "2020-04-23T09:45:19.428Z", "user": 1, "content_type": 17, "object_id": "14", "object_repr": "Update bio Update bio: defaultprofilepic.png", "action_flag": 3, "change_message": ""}}, {"model": "admin.logentry", "pk": 66, "fields": {"action_time": "2020-04-23T09:45:19.858Z", "user": 1, "content_type": 17, "object_id": "13", "object_repr": "Update bio Update bio: defaultprofilepic.png", "action_flag": 3, "change_message": ""}}, {"model": "admin.logentry", "pk": 67, "fields": {"action_time": "2020-04-23T09:45:20.012Z", "user": 1, "content_type": 17, "object_id": "12", "object_repr": "Update bio Update bio: defaultprofilepic.png", "action_flag": 3, "change_message": ""}}, {"model": "admin.logentry", "pk": 68, "fields": {"action_time": "2020-04-23T09:45:20.221Z", "user": 1, "content_type": 17, "object_id": "11", "object_repr": "Update bio Update bio: defaultprofilepic.png", "action_flag": 3, "change_message": ""}}, {"model": "admin.logentry", "pk": 69, "fields": {"action_time": "2020-04-23T09:45:20.382Z", "user": 1, "content_type": 17, "object_id": "10", "object_repr": "Update bio Update bio: defaultprofilepic.png", "action_flag": 3, "change_message": ""}}, {"model": "admin.logentry", "pk": 70, "fields": {"action_time": "2020-04-23T09:45:20.496Z", "user": 1, "content_type": 17, "object_id": "9", "object_repr": "Update bio Update bio: defaultprofilepic.png", "action_flag": 3, "change_message": ""}}, {"model": "admin.logentry", "pk": 71, "fields": {"action_time": "2020-04-23T09:45:20.587Z", "user": 1, "content_type": 17, "object_id": "8", "object_repr": "Update bio Update bio: defaultprofilepic.png", "action_flag": 3, "change_message": ""}}, {"model": "admin.logentry", "pk": 72, "fields": {"action_time": "2020-04-23T09:45:20.699Z", "user": 1, "content_type": 17, "object_id": "7", "object_repr": "Update bio Update bio: defaultprofilepic.png", "action_flag": 3, "change_message": ""}}, {"model": "admin.logentry", "pk": 73, "fields": {"action_time": "2020-04-23T09:45:20.845Z", "user": 1, "content_type": 17, "object_id": "5", "object_repr": "Update bio Update bio: defaultprofilepic.png", "action_flag": 3, "change_message": ""}}, {"model": "admin.logentry", "pk": 74, "fields": {"action_time": "2020-04-23T10:03:45.866Z", "user": 1, "content_type": 17, "object_id": "29", "object_repr": "Carol Jo: defaultprofilepic.jpg", "action_flag": 2, "change_message": "[{\"changed\": {\"fields\": [\"displayimage\"]}}]"}}, {"model": "admin.logentry", "pk": 75, "fields": {"action_time": "2020-04-23T15:22:08.289Z", "user": 1, "content_type": 17, "object_id": "30", "object_repr": "Okay Nope: defaultprofilepic.png", "action_flag": 3, "change_message": ""}}, {"model": "admin.logentry", "pk": 76, "fields": {"action_time": "2020-04-23T15:22:08.446Z", "user": 1, "content_type": 17, "object_id": "29", "object_repr": "Carol Jo: ", "action_flag": 3, "change_message": ""}}, {"model": "admin.logentry", "pk": 77, "fields": {"action_time": "2020-04-23T16:26:19.264Z", "user": 1, "content_type": 17, "object_id": "32", "object_repr": "firstname unupdated lastname unupdated: ", "action_flag": 3, "change_message": ""}}, {"model": "admin.logentry", "pk": 78, "fields": {"action_time": "2020-04-23T16:26:19.770Z", "user": 1, "content_type": 17, "object_id": "31", "object_repr": "Carol Jo: ", "action_flag": 3, "change_message": ""}}, {"model": "admin.logentry", "pk": 79, "fields": {"action_time": "2020-04-23T18:57:51.012Z", "user": 1, "content_type": 17, "object_id": "35", "object_repr": "Dont Know Jack: defaultprofilepic_SNnG8rV.jpg", "action_flag": 2, "change_message": "[{\"changed\": {\"fields\": [\"Firstname\", \"Lastname\", \"Status\"]}}]"}}, {"model": "admin.logentry", "pk": 80, "fields": {"action_time": "2020-04-23T18:58:01.847Z", "user": 1, "content_type": 17, "object_id": "34", "object_repr": "Okay Then: ", "action_flag": 3, "change_message": ""}}, {"model": "admin.logentry", "pk": 81, "fields": {"action_time": "2020-04-23T18:58:01.970Z", "user": 1, "content_type": 17, "object_id": "33", "object_repr": "Carol Jo: ", "action_flag": 3, "change_message": ""}}, {"model": "admin.logentry", "pk": 82, "fields": {"action_time": "2020-04-24T14:58:57.839Z", "user": 1, "content_type": 23, "object_id": "2", "object_repr": "Spotify_user object (2)", "action_flag": 3, "change_message": ""}}, {"model": "admin.logentry", "pk": 83, "fields": {"action_time": "2020-04-24T14:58:58.070Z", "user": 1, "content_type": 23, "object_id": "1", "object_repr": "Spotify_user object (1)", "action_flag": 3, "change_message": ""}}, {"model": "admin.logentry", "pk": 84, "fields": {"action_time": "2020-04-26T12:47:07.495Z", "user": 1, "content_type": 12, "object_id": "13", "object_repr": "Comment None by cjo", "action_flag": 3, "change_message": ""}}, {"model": "admin.logentry", "pk": 85, "fields": {"action_time": "2020-04-26T12:47:07.646Z", "user": 1, "content_type": 12, "object_id": "14", "object_repr": "Comment None by cjo", "action_flag": 3, "change_message": ""}}, {"model": "admin.logentry", "pk": 86, "fields": {"action_time": "2020-04-26T12:47:07.771Z", "user": 1, "content_type": 12, "object_id": "15", "object_repr": "Comment None by cjo", "action_flag": 3, "change_message": ""}}, {"model": "admin.logentry", "pk": 87, "fields": {"action_time": "2020-04-26T12:47:07.873Z", "user": 1, "content_type": 12, "object_id": "16", "object_repr": "Comment None by cjo", "action_flag": 3, "change_message": ""}}, {"model": "admin.logentry", "pk": 88, "fields": {"action_time": "2020-04-26T12:48:41.068Z", "user": 1, "content_type": 14, "object_id": "9", "object_repr": "Comment nice by cjo", "action_flag": 3, "change_message": ""}}, {"model": "admin.logentry", "pk": 89, "fields": {"action_time": "2020-04-26T12:48:41.198Z", "user": 1, "content_type": 14, "object_id": "11", "object_repr": "Comment spam by cjo", "action_flag": 3, "change_message": ""}}, {"model": "admin.logentry", "pk": 90, "fields": {"action_time": "2020-04-26T12:48:41.319Z", "user": 1, "content_type": 14, "object_id": "12", "object_repr": "Comment spam by cjo", "action_flag": 3, "change_message": ""}}, {"model": "admin.logentry", "pk": 91, "fields": {"action_time": "2020-04-27T12:20:04.918Z", "user": 1, "content_type": 22, "object_id": "11", "object_repr": "Playlist object (11)", "action_flag": 3, "change_message": ""}}, {"model": "admin.logentry", "pk": 92, "fields": {"action_time": "2020-04-27T12:20:05.116Z", "user": 1, "content_type": 22, "object_id": "6", "object_repr": "Playlist object (6)", "action_flag": 3, "change_message": ""}}, {"model": "admin.logentry", "pk": 93, "fields": {"action_time": "2020-04-27T12:20:05.357Z", "user": 1, "content_type": 22, "object_id": "5", "object_repr": "Playlist object (5)", "action_flag": 3, "change_message": ""}}, {"model": "admin.logentry", "pk": 94, "fields": {"action_time": "2020-04-27T12:20:52.896Z", "user": 1, "content_type": 6, "object_id": "5", "object_repr": "dianee", "action_flag": 2, "change_message": "[{\"changed\": {\"fields\": [\"Username\"]}}]"}}, {"model": "admin.logentry", "pk": 95, "fields": {"action_time": "2020-04-27T12:22:02.367Z", "user": 1, "content_type": 17, "object_id": "35", "object_repr": "Jack Danger: city_TDk2vPL.png", "action_flag": 2, "change_message": "[{\"changed\": {\"fields\": [\"Firstname\", \"Lastname\", \"displayimage\"]}}]"}}, {"model": "admin.logentry", "pk": 96, "fields": {"action_time": "2020-04-27T12:22:54.122Z", "user": 1, "content_type": 9, "object_id": "70", "object_repr": "trainer follows dj", "action_flag": 1, "change_message": "[{\"added\": {}}]"}}, {"model": "admin.logentry", "pk": 97, "fields": {"action_time": "2020-04-27T12:23:12.507Z", "user": 1, "content_type": 9, "object_id": "71", "object_repr": "dj follows Raymond", "action_flag": 1, "change_message": "[{\"added\": {}}]"}}, {"model": "admin.logentry", "pk": 98, "fields": {"action_time": "2020-04-27T12:23:21.440Z", "user": 1, "content_type": 9, "object_id": "72", "object_repr": "dj follows dianee", "action_flag": 1, "change_message": "[{\"added\": {}}]"}}, {"model": "admin.logentry", "pk": 99, "fields": {"action_time": "2020-04-27T12:24:33.609Z", "user": 1, "content_type": 11, "object_id": "9", "object_repr": "Monica and Chandler: y2mate.com_-_Friends_-_Chandler_is_working_out_n0KqVQQ1Yhg_240p.mp4", "action_flag": 2, "change_message": "[{\"changed\": {\"fields\": [\"Caption\"]}}]"}}, {"model": "spotify.spotify_user", "pk": 3, "fields": {"user": 2, "spotify_id": "iuof48vnu6mscag3ryoy73jiz"}}, {"model": "spotify.spotify_user", "pk": 4, "fields": {"user": 4, "spotify_id": "\t  1qvw6ha3tuv6icx9k78c7g5d3"}}, {"model": "spotify.spotify_user", "pk": 5, "fields": {"user": 8, "spotify_id": "1qvw6ha3tuv6icx9k78c7g5d3"}}, {"model": "spotify.playlist", "pk": 1, "fields": {"name": "Grooovy", "author": 5, "updated_on": "2020-04-23T20:24:20.259Z", "link": "https://open.spotify.com/playlist/68Xb8ht58cxnLpVg1pQRkO?si=we7VYzeESpS2NP-JlGrfXg", "created_on": "2020-04-23T20:24:20.260Z", "cover_url": "https://mosaic.scdn.co/640/ab67616d0000b2733af00cec8124f154ac4e1c02ab67616d0000b2736047672696efe2a146cf309eab67616d0000b273b3cccc782ccb68faa42fcc17ab67616d0000b273c966c2f4e08aee0442b6b8d6", "playlist_id": "68Xb8ht58cxnLpVg1pQRkO", "owner_id": "mysvp8pmzgzzpp0fiol1tt4ow"}}, {"model": "spotify.playlist", "pk": 2, "fields": {"name": "workout", "author": 2, "updated_on": "2020-04-23T21:10:11.188Z", "link": "https://open.spotify.com/playlist/4eHCyJ3tMT4m4oaMHJ3b9E?si=IUJx1HxwQKKif5TRtXcRtw", "created_on": "2020-04-23T21:10:11.188Z", "cover_url": "https://mosaic.scdn.co/640/ab67616d0000b2736ca5c90113b30c3c43ffb8f4ab67616d0000b273b6ef2ebd34efb08cb76f6eecab67616d0000b273cfb814f9b46326d2ace27218ab67616d0000b273d069a24a6d949c1d2a0aaa3e", "playlist_id": "4eHCyJ3tMT4m4oaMHJ3b9E", "owner_id": "fp6k8tq9ng4ykw1qzqcvbw3gy"}}, {"model": "spotify.playlist", "pk": 3, "fields": {"name": "Love", "author": 4, "updated_on": "2020-04-23T23:00:34.124Z", "link": "https://open.spotify.com/playlist/5DpI9h8ay6Kz8lVLAe1pBs?si=sWB63yK7SqGqNUok7KTIRg", "created_on": "2020-04-23T23:00:34.125Z", "cover_url": "https://mosaic.scdn.co/640/ab67616d0000b27320beb61f61fcbeb33b10a9abab67616d0000b273ad2852df5956130426085520ab67616d0000b273b280aea74eef855675d7b93bab67616d0000b273c27b53492a2ee7fcebd74d6e", "playlist_id": "5DpI9h8ay6Kz8lVLAe1pBs", "owner_id": "1qvw6ha3tuv6icx9k78c7g5d3"}}, {"model": "spotify.playlist", "pk": 4, "fields": {"name": "Lactic Acid Run 175 BPM", "author": 4, "updated_on": "2020-04-24T03:52:30.750Z", "link": "https://open.spotify.com/playlist/37i9dQZF1DXcCEH5EfTtzp?si=JkiQC8e8QUWs2M00fShd3Q", "created_on": "2020-04-24T03:52:30.750Z", "cover_url": "https://i.scdn.co/image/ab67706f000000028c456032f2aad8b280dcd58e", "playlist_id": "37i9dQZF1DXcCEH5EfTtzp", "owner_id": "spotify"}}, {"model": "spotify.playlist", "pk": 7, "fields": {"name": "Daily Mix 2", "author": 2, "updated_on": "2020-04-24T06:40:39.884Z", "link": "https://open.spotify.com/playlist/37i9dQZF1E3agimV5T6Wkj?si=iUs21_hPSWKdhmVk8ZxOTQ", "created_on": "2020-04-24T06:40:39.884Z", "cover_url": "https://dailymix-images.scdn.co/v1/img/5b23ea08515f988732474d4310e615356f19c21b/2/en/default", "playlist_id": "37i9dQZF1E3agimV5T6Wkj", "owner_id": "spotify"}}, {"model": "spotify.playlist", "pk": 8, "fields": {"name": "rap", "author": 2, "updated_on": "2020-04-24T06:44:16.160Z", "link": "https://open.spotify.com/playlist/06ysxP9nh2FrOmzNheAeBy?si=is0y9jnjQmyDh-Y18wBhYA", "created_on": "2020-04-24T06:44:16.161Z", "cover_url": "https://mosaic.scdn.co/640/ab67616d0000b27394a9f1bc3c0f766b3d761565ab67616d0000b273b302a2480db0cc2cea448613ab67616d0000b273bd5275b127461b44eead01f5ab67616d0000b273e18710f2e462a6cd25218e3a", "playlist_id": "06ysxP9nh2FrOmzNheAeBy", "owner_id": "iuof48vnu6mscag3ryoy73jiz"}}, {"model": "spotify.playlist", "pk": 9, "fields": {"name": "Dance Hits", "author": 2, "updated_on": "2020-04-24T10:07:46.242Z", "link": "https://open.spotify.com/playlist/37i9dQZF1DX0BcQWzuB7ZO?si=RsKhOigbTAqqGrADx9Xo1Q", "created_on": "2020-04-24T10:07:46.242Z", "cover_url": "https://i.scdn.co/image/ab67706f000000022b2b8499b31a51864876abc9", "playlist_id": "37i9dQZF1DX0BcQWzuB7ZO", "owner_id": "spotify"}}, {"model": "spotify.playlist", "pk": 10, "fields": {"name": "Workout", "author": 4, "updated_on": "2020-04-24T15:42:31.345Z", "link": "https://open.spotify.com/playlist/37i9dQZF1DX70RN3TfWWJh?si=8nZ8ZbcmTu66uTiIdyFCrQ", "created_on": "2020-04-24T15:42:31.345Z", "cover_url": "https://i.scdn.co/image/ab67706f0000000252a4093409a93d2f13a35f3f", "playlist_id": "37i9dQZF1DX70RN3TfWWJh", "owner_id": "spotify"}}, {"model": "spotify.playlist", "pk": 12, "fields": {"name": "DEATJBED", "author": 8, "updated_on": "2020-04-27T11:02:36.965Z", "link": "https://open.spotify.com/playlist/60WScWP5aN5r2GmOI60mEt?si=ALuOGQkvSYSCn-9xGgik3g", "created_on": "2020-04-27T11:02:36.965Z", "cover_url": "https://mosaic.scdn.co/640/ab67616d0000b27302ff71896180899ab51111b0ab67616d0000b27372b30378fa9323811afac959ab67616d0000b273a3d172ed9392537ac7ce54d1ab67616d0000b273bf01fd0986a195d485922167", "playlist_id": "60WScWP5aN5r2GmOI60mEt", "owner_id": "cowcxv8eaytst2beym03ts910"}}, {"model": "spotify.playlist", "pk": 13, "fields": {"name": "Peaceful Meditation", "author": 8, "updated_on": "2020-04-27T11:03:26.601Z", "link": "https://open.spotify.com/playlist/37i9dQZF1DWZqd5JICZI0u?si=a5l_ronCQ4ykOV690DXyHw", "created_on": "2020-04-27T11:03:26.602Z", "cover_url": "https://i.scdn.co/image/ab67706f00000002dc6d084dcb4bc391530ec041", "playlist_id": "37i9dQZF1DWZqd5JICZI0u", "owner_id": "spotify"}}, {"model": "spotify.playlist", "pk": 14, "fields": {"name": "Beast Mode", "author": 8, "updated_on": "2020-04-27T11:04:14.484Z", "link": "https://open.spotify.com/playlist/37i9dQZF1DX76Wlfdnj7AP?si=uJ3SFgwHTkaiDylpiR6-gg", "created_on": "2020-04-27T11:04:14.484Z", "cover_url": "https://i.scdn.co/image/ab67706f000000029249b35f23fb596b6f006a15", "playlist_id": "37i9dQZF1DX76Wlfdnj7AP", "owner_id": "spotify"}}, {"model": "posts.pcomment", "pk": 2, "fields": {"picture": 3, "author": 4, "body": "nice", "created_on": "2020-03-21T17:16:38.403Z", "active": true}}, {"model": "posts.pcomment", "pk": 3, "fields": {"picture": 3, "author": 4, "body": "hiii", "created_on": "2020-04-16T06:23:58.546Z", "active": true}}, {"model": "posts.pcomment", "pk": 5, "fields": {"picture": 7, "author": 1, "body": "hey", "created_on": "2020-04-18T15:40:29.735Z", "active": true}}, {"model": "posts.pcomment", "pk": 7, "fields": {"picture": 6, "author": 4, "body": "oko", "created_on": "2020-04-25T23:23:01.801Z", "active": true}}, {"model": "posts.pcomment", "pk": 8, "fields": {"picture": 3, "author": 4, "body": "hmmm", "created_on": "2020-04-25T23:50:14.494Z", "active": true}}, {"model": "posts.pcomment", "pk": 10, "fields": {"picture": 6, "author": 4, "body": "spam", "created_on": "2020-04-26T12:12:39.490Z", "active": true}}, {"model": "posts.pcomment", "pk": 13, "fields": {"picture": 8, "author": 4, "body": "goku?", "created_on": "2020-04-26T12:23:48.336Z", "active": true}}, {"model": "posts.pcomment", "pk": 14, "fields": {"picture": 8, "author": 4, "body": "nice", "created_on": "2020-04-26T14:59:54.571Z", "active": true}}, {"model": "posts.picture", "pk": 3, "fields": {"title": "Day 1", "image": "woman-exercise-workout-gym-fitness-260nw-749969473.webp", "caption": "I'm working, I'm moving, I'm in the zone, I'm grooving", "slug": "day-1", "author": 5, "created_on": "2020-03-21T17:00:36.951Z", "status": 0}}, {"model": "posts.picture", "pk": 6, "fields": {"title": "heyo", "image": "black-goku.jpg", "caption": "caption", "slug": "heyo", "author": 2, "created_on": "2020-04-16T07:45:16.915Z", "status": 0}}, {"model": "posts.picture", "pk": 7, "fields": {"title": "opop", "image": "qma.png", "caption": "this is nice", "slug": "opop", "author": 2, "created_on": "2020-04-16T08:19:04.697Z", "status": 0}}, {"model": "posts.picture", "pk": 8, "fields": {"title": "Home workouts", "image": "workout-gif_Q8lohuO.gif", "caption": "A good start helps", "slug": "home-workouts", "author": 5, "created_on": "2020-04-23T15:42:11.743Z", "status": 0}}, {"model": "posts.picture", "pk": 9, "fields": {"title": "Working out!", "image": "header-bg_GsdrDNp.jpg", "caption": "who says pink isn't hardcore pt2", "slug": "working-out", "author": 4, "created_on": "2020-04-25T22:14:48.175Z", "status": 0}}, {"model": "posts.picture", "pk": 10, "fields": {"title": "Eat healthy: Pomegranate chicken", "image": "pomegranate-chicken_zVDPWws.jpg", "caption": "Health plus taste! Recipe shared in blogs :)", "slug": "eat-healthy-pomegranate-chicken", "author": 4, "created_on": "2020-04-25T22:15:06.476Z", "status": 0}}, {"model": "posts.picture", "pk": 12, "fields": {"title": "Cheat Days Are Important Too!", "image": "pizza.jpg", "caption": "I lost some weight once, but I found it again in the fridge.", "slug": "cheat-days-are-important-too", "author": 8, "created_on": "2020-04-27T10:23:04.592Z", "status": 0}}, {"model": "posts.picture", "pk": 13, "fields": {"title": "Hustle Mood.", "image": "motivation-7.jpg", "caption": "Well you know what they say, It's the circle of Life :')", "slug": "hustle-mood", "author": 8, "created_on": "2020-04-27T10:25:36.571Z", "status": 0}}, {"model": "posts.picture", "pk": 14, "fields": {"title": "Berry'd Alive", "image": "fruit-1_3ujeNDe.jpg", "caption": "Aren't you obsessed with my brunch for the day. Can't get over these!", "slug": "berryd-alive", "author": 8, "created_on": "2020-04-27T10:27:50.089Z", "status": 0}}, {"model": "posts.picture", "pk": 15, "fields": {"title": "Cheat Day!", "image": "XU5FDc8_gngXQA6.jpg", "caption": "Sometimes you just need a break", "slug": "cheat-day", "author": 4, "created_on": "2020-04-27T11:33:57.019Z", "status": 0}}, {"model": "posts.picture", "pk": 16, "fields": {"title": "Healthy recipes: Linguine", "image": "linguine-with-avocado-tomato-lime.jpg", "caption": "Highly recommend. Recipe shared above", "slug": "healthy-recipes-linguine", "author": 4, "created_on": "2020-04-27T11:37:07.216Z", "status": 0}}, {"model": "posts.picture", "pk": 17, "fields": {"title": "Day 2", "image": "fitness-woman-jumping-outdoor-urban-600w-1080117269.webp", "caption": "Fresh air helps the mind stimulate", "slug": "day-2", "author": 5, "created_on": "2020-04-27T11:58:23.587Z", "status": 0}}, {"model": "workout.wcomment", "pk": 1, "fields": {"workout": 5, "author": 5, "body": "Noine Noine", "created_on": "2020-03-20T17:34:59.874Z", "active": true}}, {"model": "workout.wcomment", "pk": 2, "fields": {"workout": 8, "author": 4, "body": "true dat", "created_on": "2020-03-21T06:46:15.366Z", "active": true}}, {"model": "workout.wcomment", "pk": 3, "fields": {"workout": 5, "author": 6, "body": "yesss", "created_on": "2020-03-21T06:54:42.597Z", "active": true}}, {"model": "workout.wcomment", "pk": 8, "fields": {"workout": 4, "author": 5, "body": "The energy train", "created_on": "2020-03-21T10:03:00.648Z", "active": true}}, {"model": "workout.wcomment", "pk": 9, "fields": {"workout": 8, "author": 4, "body": "Comment!", "created_on": "2020-04-16T06:24:17.471Z", "active": true}}, {"model": "workout.wcomment", "pk": 10, "fields": {"workout": 8, "author": 4, "body": "good post", "created_on": "2020-04-16T07:03:58.625Z", "active": true}}, {"model": "workout.wcomment", "pk": 11, "fields": {"workout": 8, "author": 4, "body": "good post", "created_on": "2020-04-16T07:04:11.381Z", "active": true}}, {"model": "workout.wcomment", "pk": 12, "fields": {"workout": 5, "author": 2, "body": "lmao", "created_on": "2020-04-16T08:27:05.480Z", "active": true}}, {"model": "workout.wcomment", "pk": 13, "fields": {"workout": 9, "author": 4, "body": "helllo", "created_on": "2020-04-26T13:01:26.716Z", "active": true}}, {"model": "workout.wcomment", "pk": 14, "fields": {"workout": 8, "author": 4, "body": "nice", "created_on": "2020-04-26T14:59:10.823Z", "active": true}}, {"model": "workout.wcomment", "pk": 15, "fields": {"workout": 8, "author": 4, "body": "hj", "created_on": "2020-04-26T14:59:39.820Z", "active": true}}, {"model": "workout.workout", "pk": 4, "fields": {"title": "Three minute ultimate core workout", "videofile": "y2mate.com_-_The_Three-Minute_Ultimate_Core_Workout_4gdL-I6rhFg_360p_L5joNGv.mp4", "caption": "This is a a really helpful workout for the core. I highly recommend it.", "slug": "three-minute-ultimate-core-workout", "author": 4, "created_on": "2020-03-20T10:21:57.298Z", "status": 0}}, {"model": "workout.workout", "pk": 5, "fields": {"title": "The Ebony Falcon", "videofile": "Brooklyn_Nine_Nine_Terry_Is_a_Ring_Warrior_Episode_Highlight_Sq9HiAt.mp4", "caption": "Gotta get inspiration from somewhere", "slug": "the-ebony-falcon", "author": 4, "created_on": "2020-03-20T10:28:14.438Z", "status": 0}}, {"model": "workout.workout", "pk": 7, "fields": {"title": "Boxing", "videofile": "10_Box_preview.webm", "caption": "Inspired", "slug": "boxing", "author": 5, "created_on": "2020-03-20T12:31:53.984Z", "status": 0}}, {"model": "workout.workout", "pk": 8, "fields": {"title": "Stay fit kids", "videofile": "y2mate.com_-_FIT_KIDS_Exercise_your_Muscles_MYn6qpKzg2k_144p.mp4", "caption": "A good start", "slug": "stay-fit-kids", "author": 5, "created_on": "2020-03-20T12:41:45.051Z", "status": 0}}, {"model": "workout.workout", "pk": 9, "fields": {"title": "Monica and Chandler", "videofile": "y2mate.com_-_Friends_-_Chandler_is_working_out_n0KqVQQ1Yhg_240p.mp4", "caption": "Just a little fun with it", "slug": "monica-and-chandler", "author": 2, "created_on": "2020-04-23T21:47:26.425Z", "status": 0}}, {"model": "feed.saves", "pk": 3, "fields": {"saved_by": 4, "created_at": "2020-04-21T09:01:20.195Z", "content_type": 1, "object_id": 2}}, {"model": "feed.saves", "pk": 6, "fields": {"saved_by": 4, "created_at": "2020-04-23T08:26:36.227Z", "content_type": 1, "object_id": 1}}, {"model": "feed.saves", "pk": 7, "fields": {"saved_by": 2, "created_at": "2020-04-23T22:57:57.947Z", "content_type": 11, "object_id": 5}}, {"model": "feed.saves", "pk": 12, "fields": {"saved_by": 4, "created_at": "2020-04-26T20:08:06.604Z", "content_type": 1, "object_id": 8}}, {"model": "feed.saves", "pk": 13, "fields": {"saved_by": 4, "created_at": "2020-04-26T21:22:13.536Z", "content_type": 1, "object_id": 7}}, {"model": "feed.saves", "pk": 14, "fields": {"saved_by": 8, "created_at": "2020-04-27T11:04:44.779Z", "content_type": 1, "object_id": 9}}, {"model": "feed.saves", "pk": 15, "fields": {"saved_by": 8, "created_at": "2020-04-27T11:05:07.258Z", "content_type": 13, "object_id": 9}}, {"model": "feed.saves", "pk": 16, "fields": {"saved_by": 4, "created_at": "2020-04-27T11:44:25.377Z", "content_type": 1, "object_id": 10}}, {"model": "feed.saves", "pk": 17, "fields": {"saved_by": 5, "created_at": "2020-04-27T12:13:01.823Z", "content_type": 1, "object_id": 13}}, {"model": "feed.saves", "pk": 18, "fields": {"saved_by": 5, "created_at": "2020-04-27T12:14:18.416Z", "content_type": 11, "object_id": 4}}, {"model": "feed.saves", "pk": 19, "fields": {"saved_by": 5, "created_at": "2020-04-27T12:16:24.518Z", "content_type": 1, "object_id": 4}}, {"model": "feed.like", "pk": 68, "fields": {"liked_by": 2, "created_at": "2020-04-20T18:44:41.782Z", "content_type": 1, "object_id": 7}}, {"model": "feed.like", "pk": 71, "fields": {"liked_by": 2, "created_at": "2020-04-20T18:44:56.200Z", "content_type": 1, "object_id": 5}}, {"model": "feed.like", "pk": 72, "fields": {"liked_by": 2, "created_at": "2020-04-20T18:45:06.517Z", "content_type": 1, "object_id": 8}}, {"model": "feed.like", "pk": 73, "fields": {"liked_by": 4, "created_at": "2020-04-21T09:01:28.194Z", "content_type": 13, "object_id": 7}}, {"model": "feed.like", "pk": 77, "fields": {"liked_by": 4, "created_at": "2020-04-23T14:28:04.698Z", "content_type": 11, "object_id": 8}}, {"model": "feed.like", "pk": 87, "fields": {"liked_by": 4, "created_at": "2020-04-26T21:02:07.099Z", "content_type": 1, "object_id": 7}}, {"model": "feed.like", "pk": 88, "fields": {"liked_by": 4, "created_at": "2020-04-26T21:21:58.963Z", "content_type": 1, "object_id": 8}}, {"model": "feed.like", "pk": 89, "fields": {"liked_by": 4, "created_at": "2020-04-27T07:22:17.500Z", "content_type": 13, "object_id": 8}}, {"model": "feed.like", "pk": 90, "fields": {"liked_by": 8, "created_at": "2020-04-27T09:58:36.617Z", "content_type": 1, "object_id": 9}}, {"model": "feed.like", "pk": 91, "fields": {"liked_by": 8, "created_at": "2020-04-27T11:04:54.694Z", "content_type": 13, "object_id": 9}}, {"model": "feed.like", "pk": 92, "fields": {"liked_by": 4, "created_at": "2020-04-27T11:42:57.311Z", "content_type": 13, "object_id": 12}}, {"model": "feed.like", "pk": 93, "fields": {"liked_by": 4, "created_at": "2020-04-27T11:43:10.587Z", "content_type": 1, "object_id": 12}}, {"model": "feed.like", "pk": 94, "fields": {"liked_by": 4, "created_at": "2020-04-27T11:43:19.535Z", "content_type": 1, "object_id": 10}}, {"model": "feed.like", "pk": 95, "fields": {"liked_by": 5, "created_at": "2020-04-27T12:12:54.938Z", "content_type": 1, "object_id": 13}}, {"model": "feed.like", "pk": 96, "fields": {"liked_by": 5, "created_at": "2020-04-27T12:13:34.688Z", "content_type": 1, "object_id": 14}}, {"model": "feed.like", "pk": 97, "fields": {"liked_by": 5, "created_at": "2020-04-27T12:13:57.295Z", "content_type": 13, "object_id": 15}}, {"model": "feed.like", "pk": 98, "fields": {"liked_by": 5, "created_at": "2020-04-27T12:14:05.109Z", "content_type": 13, "object_id": 9}}, {"model": "feed.like", "pk": 99, "fields": {"liked_by": 5, "created_at": "2020-04-27T12:16:07.995Z", "content_type": 1, "object_id": 10}}, {"model": "feed.like", "pk": 100, "fields": {"liked_by": 5, "created_at": "2020-04-27T12:16:40.619Z", "content_type": 13, "object_id": 13}}, {"model": "feed.follow", "pk": 50, "fields": {"user_from": 5, "user_to": 4, "created": "2020-03-20T10:30:23.692Z"}}, {"model": "feed.follow", "pk": 52, "fields": {"user_from": 6, "user_to": 4, "created": "2020-03-21T06:53:25.398Z"}}, {"model": "feed.follow", "pk": 53, "fields": {"user_from": 5, "user_to": 6, "created": "2020-03-21T17:01:01.902Z"}}, {"model": "feed.follow", "pk": 54, "fields": {"user_from": 1, "user_to": 2, "created": "2020-04-15T09:48:49.726Z"}}, {"model": "feed.follow", "pk": 56, "fields": {"user_from": 2, "user_to": 4, "created": "2020-04-16T08:24:06.889Z"}}, {"model": "feed.follow", "pk": 61, "fields": {"user_from": 4, "user_to": 5, "created": "2020-04-23T23:12:14.679Z"}}, {"model": "feed.follow", "pk": 64, "fields": {"user_from": 8, "user_to": 4, "created": "2020-04-27T09:58:19.061Z"}}, {"model": "feed.follow", "pk": 65, "fields": {"user_from": 4, "user_to": 8, "created": "2020-04-27T11:42:07.652Z"}}, {"model": "feed.follow", "pk": 66, "fields": {"user_from": 4, "user_to": 2, "created": "2020-04-27T11:42:23.655Z"}}, {"model": "feed.follow", "pk": 67, "fields": {"user_from": 4, "user_to": 7, "created": "2020-04-27T11:45:20.679Z"}}, {"model": "feed.follow", "pk": 68, "fields": {"user_from": 5, "user_to": 3, "created": "2020-04-27T12:15:01.384Z"}}, {"model": "feed.follow", "pk": 69, "fields": {"user_from": 5, "user_to": 8, "created": "2020-04-27T12:15:28.786Z"}}, {"model": "feed.follow", "pk": 70, "fields": {"user_from": 2, "user_to": 7, "created": "2020-04-27T12:22:54.114Z"}}, {"model": "feed.follow", "pk": 71, "fields": {"user_from": 7, "user_to": 8, "created": "2020-04-27T12:23:12.497Z"}}, {"model": "feed.follow", "pk": 72, "fields": {"user_from": 7, "user_to": 5, "created": "2020-04-27T12:23:21.431Z"}}, {"model": "blogs.comment", "pk": 2, "fields": {"post": 2, "author": 1, "body": "nice body", "created_on": "2020-03-18T15:05:53.276Z", "active": true}}, {"model": "blogs.comment", "pk": 3, "fields": {"post": 6, "author": 1, "body": "amazing", "created_on": "2020-03-20T17:18:42.724Z", "active": false}}, {"model": "blogs.comment", "pk": 5, "fields": {"post": 5, "author": 1, "body": "good post", "created_on": "2020-04-16T06:59:20.637Z", "active": false}}, {"model": "blogs.comment", "pk": 9, "fields": {"post": 8, "author": 4, "body": "spam", "created_on": "2020-04-26T17:58:52.360Z", "active": true}}, {"model": "blogs.comment", "pk": 10, "fields": {"post": 13, "author": 5, "body": "Tried it! And i loved it!", "created_on": "2020-04-27T12:13:21.211Z", "active": true}}, {"model": "blogs.post", "pk": 1, "fields": {"title": "Yellow apple", "slug": "yellow-apple", "author": 2, "updated_on": "2020-03-18T15:10:35.956Z", "content": "yiaslnkfd", "created_on": "2020-03-16T19:20:43.628Z", "status": 1, "tagname": "post"}}, {"model": "blogs.post", "pk": 2, "fields": {"title": "grey apple lol", "slug": "grey-apple-lol", "author": 2, "updated_on": "2020-03-18T15:10:45.886Z", "content": "oreutortpejre", "created_on": "2020-03-16T19:21:09.184Z", "status": 1, "tagname": "post"}}, {"model": "blogs.post", "pk": 4, "fields": {"title": "this is a trainee post", "slug": "this-is-a-trainee-post", "author": 3, "updated_on": "2020-03-18T08:20:35.675Z", "content": "Hello boys chai peelo", "created_on": "2020-03-18T08:20:35.675Z", "status": 1, "tagname": "post"}}, {"model": "blogs.post", "pk": 5, "fields": {"title": "green apple", "slug": "green-apple", "author": 2, "updated_on": "2020-03-18T15:11:27.185Z", "content": "hello i am green apple", "created_on": "2020-03-18T15:11:27.185Z", "status": 1, "tagname": "post"}}, {"model": "blogs.post", "pk": 6, "fields": {"title": "I love it", "slug": "i-love-it", "author": 4, "updated_on": "2020-04-27T11:26:05.368Z", "content": "I love Take.care as I can choose workouts for my current ability, and see the details of what else I may be able to do as I get stronger. I love that I can follow a good pace, without watching a video that might get boring. I would encourage anyone to give this a chance.", "created_on": "2020-03-20T05:25:30.240Z", "status": 1, "tagname": "review"}}, {"model": "blogs.post", "pk": 7, "fields": {"title": "brown apple", "slug": "brown-apple", "author": 2, "updated_on": "2020-04-20T14:09:14.252Z", "content": "omg now that i can add tags let me flex.", "created_on": "2020-04-20T14:09:14.252Z", "status": 1, "tagname": "fruits"}}, {"model": "blogs.post", "pk": 8, "fields": {"title": "orange apple", "slug": "orange-apple", "author": 2, "updated_on": "2020-04-20T14:12:44.638Z", "content": "HAHA see what i did on top? i hope you did lol. this is truly amazing how the nature has so many variations and yet an orange apple is not a thing.", "created_on": "2020-04-20T14:12:44.638Z", "status": 1, "tagname": "fruits,nature"}}, {"model": "blogs.post", "pk": 9, "fields": {"title": "Nutrition", "slug": "nutrition", "author": 4, "updated_on": "2020-04-26T12:24:30.487Z", "content": "There are few dishes more simple and versatile than one-pan recipes. Not only is cleanup a breeze, but dishes cooked with the one-pan method often deliver intensely flavorful results. This One-Pan Crispy Lemon Herb Chicken with Roasted Green Beans is no exception to the single-dish rule. Loaded with fresh herbs, citrus and veggies, this recipe is bursting with flavor and is easy enough to prepare on weeknights making it the perfect chicken dish...", "created_on": "2020-04-26T11:18:04.256Z", "status": 0, "tagname": "post"}}, {"model": "blogs.post", "pk": 10, "fields": {"title": "My Journey to Thoughtfulness", "slug": "my-journey-to-thoughtfulness", "author": 8, "updated_on": "2020-04-27T10:38:57.082Z", "content": "\"To be honest, reading has changed my life. Like so many people, I started reading quite late in my life. I still vividly remember the day when I finished reading my first book ever. I can still feel the excitement, joy and the utter sense of pride and accomplishment I felt after finishing the entire book. It was obvious because I had never read so many pages for so many days ever before in my entire life. It was a very small book, about around eighty pages long. And the name of the book was \u201cA Journey To The Self\u201d by Luna Shrestha Thakur, a Nepalese author who writes in English. It was the beginning of my reading journey. And the journey continues. \"\r\n-Excerpt from Sangram Lama", "created_on": "2020-04-27T10:38:57.083Z", "status": 0, "tagname": "books"}}, {"model": "blogs.post", "pk": 11, "fields": {"title": "Balsamic Strawberries.", "slug": "balsamic-strawberries", "author": 8, "updated_on": "2020-04-27T10:42:33.320Z", "content": "I'm obsessed with the blog 'Pinch Of Yum'. She has the best recipes ever! The other day I made breakfast in bed for Racheal and she couldn't stop complimenting me. I recommend you all to get into cooking this quarantine. Its therapeutic and gets my mind stress free. Take care folks :)", "created_on": "2020-04-27T10:42:33.320Z", "status": 1, "tagname": "food"}}, {"model": "blogs.post", "pk": 12, "fields": {"title": "Push Yourself.", "slug": "push-yourself", "author": 8, "updated_on": "2020-04-27T10:44:34.705Z", "content": "\"Your body is wired to save as much energy as possible. You\u2019re wired to be afraid of the unknown and resist changes at all cost. You, just as everyone else, like safety and easiness. To survive. But you\u2019re also a curious being. It\u2019s in your nature to strive for progress and personal development. To thrive. Much like staying in your comfort zone is programmed in your genes, so is your desire to achieve your peak performance and experience new things.\"\r\n-An excerpt from AgileLeanLife", "created_on": "2020-04-27T10:44:34.705Z", "status": 1, "tagname": "workout"}}, {"model": "blogs.post", "pk": 13, "fields": {"title": "Pomegranate chicken with almond couscous", "slug": "pomegranate-chicken-with-almond-couscous", "author": 4, "updated_on": "2020-04-27T11:25:06.571Z", "content": "Boil the kettle and heat the oil in a large frying pan. Put the couscous in a bowl with some seasoning and crumble in half the stock cube. Add the onion to the pan and fry for a few mins to soften. Pour boiling water over the couscous to just cover, then cover the bowl with a tea towel and set aside.\r\n\r\nPush the onion to one side of the pan, add the chicken fillets and brown on all sides. Stir in the tagine paste or harissa and the pomegranate juice, then crumble in the rest of the stock cube and season well. Simmer, uncovered, for 10 mins until the sauce has thickened and the chicken is cooked through. Stir through the pomegranate seeds, saving a few to scatter over before serving.\r\n\r\nAfter 5 mins, fluff up the couscous with a fork and stir through the almonds and mint. Serve the chicken on the couscous with the sauce spooned over.", "created_on": "2020-04-27T11:25:06.571Z", "status": 1, "tagname": "recipe"}}, {"model": "blogs.post", "pk": 14, "fields": {"title": "Linguine with avocado, tomato & lime", "slug": "linguine-with-avocado-tomato-lime", "author": 4, "updated_on": "2020-04-27T11:37:52.789Z", "content": "Cook the pasta according to pack instructions \u2013 about 10 mins. Meanwhile, put the lime juice and zest in a medium bowl with the avocado, tomatoes, coriander, onion and chilli, if using, and mix well.\r\n\r\nDrain the pasta, toss into the bowl and mix well. Serve straight away while still warm, or cold.", "created_on": "2020-04-27T11:37:52.790Z", "status": 0, "tagname": "recipe"}}, {"model": "blogs.post", "pk": 15, "fields": {"title": "Five small steps", "slug": "five-small-steps", "author": 5, "updated_on": "2020-04-27T12:02:44.781Z", "content": "Because I spend so much time reading about health and wellness, teaching fitness classes and being immersed in all things healthy living, it\u2019s easy for me to forget that those who are not in the health world, don\u2019t always know where to start. And that\u2019s where this post is coming from today. In order to feel better, you need to take small steps every day in the right direction. You DON\u2019T have to change everything at once. Just choose one to two items to start with and go from there.\r\n\r\nAnd this post is not for those of you who are health-obsessed and who probably know more than me about wellness. This one is for your sister, your brother, or your coworker who just doesn\u2019t know where to begin to change their life or their habits. Be a pal, and pass this one along to them \u2026", "created_on": "2020-04-27T12:02:44.782Z", "status": 1, "tagname": "healthy"}}, {"model": "blogs.post", "pk": 16, "fields": {"title": "Eating healthy", "slug": "eating-healthy", "author": 5, "updated_on": "2020-04-27T12:12:11.791Z", "content": "Lately I\u2019m feeling kind of confused about my philosophy and I want to tell you why. As I wrote this post in the notes section of my phone on a plane to DC deep in thought over Intuitive Eating, I realized something. I realized I\u2019ve always taken for granted the fact that I\u2019ve never suffered from disordered eating.\r\n\r\nI was surrounded by it growing up. It was everywhere. It was normal. It still is.\r\n\r\nI knew young women that threw up after meals and ate non-fat Greek yogurt with stevia for lunch. I knew parents that never had the \u201cgood\u201d snacks, that restricted food. As a teenager, I can say with confidence that at least half of my friends had less than normal relationships with food.", "created_on": "2020-04-27T12:12:11.791Z", "status": 1, "tagname": "healthy"}}, {"model": "accounts.bio", "pk": 35, "fields": {"user": 7, "firstname": "Jack", "lastname": "Danger", "displayimage": "city_TDk2vPL.png", "status": "Pain is weakness leaving the body."}}, {"model": "accounts.bio", "pk": 36, "fields": {"user": 4, "firstname": "Carol", "lastname": "Jo", "displayimage": "defaultprofilepic_R4c2Ojj.jpg", "status": "If you still look cute at the end of your workout you didnt train hard enough"}}, {"model": "accounts.bio", "pk": 37, "fields": {"user": 5, "firstname": "Diana", "lastname": "Keene", "displayimage": "XU5FDc8_Z40ciSX.jpg", "status": "A pint of sweat will save a gallon of blood."}}, {"model": "accounts.bio", "pk": 38, "fields": {"user": 2, "firstname": "firstname unupdated", "lastname": "lastname unupdated", "displayimage": "defaultprofilepic.png", "status": ""}}, {"model": "accounts.bio", "pk": 39, "fields": {"user": 6, "firstname": "unupdated", "lastname": "unupdated", "displayimage": "defaultprofilepic.png", "status": ""}}, {"model": "accounts.bio", "pk": 40, "fields": {"user": 1, "firstname": "unupdated", "lastname": "unupdated", "displayimage": "defaultprofilepic.png", "status": ""}}, {"model": "accounts.bio", "pk": 41, "fields": {"user": 3, "firstname": "unupdated", "lastname": "unupdated", "displayimage": "defaultprofilepic.png", "status": ""}}, {"model": "accounts.bio", "pk": 42, "fields": {"user": 8, "firstname": "Raymond", "lastname": "Joseph", "displayimage": "etty-fidele-nWdhpUrXxYY-unsplash.jpg", "status": "Personal Trainer. Mobility Geek . Closet Chef ."}}, {"model": "fit_data.oauthcreds", "pk": 3, "fields": {"user": 4, "creds": "gAJjZ29vZ2xlLm9hdXRoMi5jcmVkZW50aWFscwpDcmVkZW50aWFscwpxACmBcQF9cQIoWAUAAAB0b2tlbnEDWKoAAAB5YTI5LmEwQWU0bHZDMjhFeTYyNDd2WjdraFo2Z21nY2wxRm11Y1BrQ0dSdTZQdk5EZzBQbmN2N2J3RG5ZNDIzWDBYbFA5V3JsRnhvTXZ3Q2xOMlFXVDZXQkZyN3ROOEZhWkdXcjhuV01ndFlBaFNQS0lPVVNqbWRCUmZxaVpqTEptOE1kOHhQanZHRFM1cjZoWTE1M1BuWTVVemxMNnZSbGJzSWQxN2lMWXEEWAYAAABleHBpcnlxBWNkYXRldGltZQpkYXRldGltZQpxBmNfY29kZWNzCmVuY29kZQpxB1gLAAAAB8OkBBsIGTcGIwZxCFgGAAAAbGF0aW4xcQmGcQpScQuFcQxScQ1YDgAAAF9yZWZyZXNoX3Rva2VucQ5YZwAAADEvLzBnS0N6NXdONHc0VTJDZ1lJQVJBQUdCQVNOd0YtTDlJckZqalZneDNiYURGQUxQeFhvOXd3VG8wSWdSRW5uQkc0TmRyUlI0UDhXLTZ0MkVEdHBkQVAwNU5vWDYwbEtDWFBzbHNxD1gJAAAAX2lkX3Rva2VucRBOWAcAAABfc2NvcGVzcRFdcRIoWDEAAABodHRwczovL3d3dy5nb29nbGVhcGlzLmNvbS9hdXRoL2NvbnRhY3RzLnJlYWRvbmx5cRNYNQAAAGh0dHBzOi8vd3d3Lmdvb2dsZWFwaXMuY29tL2F1dGgvZml0bmVzcy5hY3Rpdml0eS5yZWFkcRRYMgAAAGh0dHBzOi8vd3d3Lmdvb2dsZWFwaXMuY29tL2F1dGgvZml0bmVzcy5ib2R5LndyaXRlcRVYNgAAAGh0dHBzOi8vd3d3Lmdvb2dsZWFwaXMuY29tL2F1dGgvZml0bmVzcy5sb2NhdGlvbi53cml0ZXEWWDYAAABodHRwczovL3d3dy5nb29nbGVhcGlzLmNvbS9hdXRoL2ZpdG5lc3MuYWN0aXZpdHkud3JpdGVxF2VYCgAAAF90b2tlbl91cmlxGFgjAAAAaHR0cHM6Ly9vYXV0aDIuZ29vZ2xlYXBpcy5jb20vdG9rZW5xGVgKAAAAX2NsaWVudF9pZHEaWEgAAAA3MDg3MjY1MDk2ODUtbmsybGxhNXZlMWl0ajA1Y2RnbzBvMmY0aTdodjZycjIuYXBwcy5nb29nbGV1c2VyY29udGVudC5jb21xG1gOAAAAX2NsaWVudF9zZWNyZXRxHFgYAAAAc24xaEV2VmFURUJBcUdCWGRJUS11Q1hDcR1YEQAAAF9xdW90YV9wcm9qZWN0X2lkcR5OdWIu"}}]